modules_run_id,head_sha,pr,created_at,week,router_run_id,router_conclusion,aggregate_run_id,aggregate_gate_conclusion,modules_conclusion,wall_clock_min,modules_run_min,shard_jobs_in_matrix,shard_jobs_executed,modules_in_matrix,longest_shard_min,shard_runner_min,modules_runner_min,aggregate_runner_min
34159796377,9fcf94fe8a99729c17823d0aae54922d9d9f0b41,,2026-09-07T20:32:30Z,2026-09-07,34159796176,failure,,,failure,,0.5,29,29,17,0.1,1.71,1.93,0.0
34160553804,93849bf6b30a2600acf8cc78c8ffe824a69ccd2f,,2026-09-07T20:44:36Z,2026-09-07,34160553378,failure,,,failure,,1.42,29,29,17,0.6,13.99,14.24,0.0
34182351533,d3ef820e25374b1ce6faea7e773f54fbfef426cf,,2026-09-08T03:06:16Z,2026-09-07,34182351395,failure,,,cancelled,,5.82,29,29,17,5.42,132.76,133.01,0.0
34182665418,43fea805bba6bbc2c836a9d57af7745259b2b4b3,,2026-09-08T03:11:44Z,2026-09-07,34182665242,failure,,,failure,,2.02,29,29,17,0.5,9.4,9.57,0.0
34183856162,b94801615e842d645c216e3c6fa6ec3e43f502c9,,2026-09-08T03:32:18Z,2026-09-07,34183855928,failure,,,failure,,17.77,29,29,17,17.37,344.9,345.17,0.0
34185350657,16e44755894972e649773f4754b827d21b98d00e,,2026-09-08T03:58:43Z,2026-09-07,34185350477,success,,,failure,,19.65,29,29,17,19.27,377.83,378.08,0.0
34187486314,785910b4c0fabfa453b15c9e2f07fe89510b8d59,,2026-09-08T04:34:43Z,2026-09-07,34187486087,success,,,failure,,19.55,29,29,17,19.13,373.6,373.87,0.0
34189618675,d90f152889a0e0f8c57d5821138f22588dece268,,2026-09-08T05:10:23Z,2026-09-07,34189618567,success,,,cancelled,,25.17,29,29,17,24.78,420.69,420.94,0.0
34191190397,70644bb31ae80f1a331a5177ef92b94d79cf3108,,2026-09-08T05:35:15Z,2026-09-07,34191190216,failure,,,cancelled,,20.38,29,29,17,19.72,391.65,391.88,0.0
34192496084,9bc1f2a4d1ba6c7811d5c852be97408d202723f3,,2026-09-08T05:55:18Z,2026-09-07,34192495822,success,,,cancelled,,30.88,29,29,17,30.28,467.32,467.47,0.0
34194862806,c3e6f3ebafe8c2ca4d93c3b4ee3e4cb3790a4e22,,2026-09-08T06:29:13Z,2026-09-07,34194862573,success,,,failure,,9.72,29,29,17,9.33,200.14,200.39,0.0
34199043398,6d01e7b6d03052f0934736da7a86b8f9741a230c,,2026-09-08T07:22:59Z,2026-09-07,34199043207,success,,,failure,,25.13,29,29,17,24.05,379.3,380.23,0.0
34205686604,35da1147df4879491f062958848ddf7340d3174b,,2026-09-08T08:39:30Z,2026-09-07,34205686251,failure,,,cancelled,,30.82,29,29,17,30.3,395.39,395.66,0.0
34208666166,6a194344a2dc510ff1af714e6cb0b073cf291691,,2026-09-08T09:11:59Z,2026-09-07,34208665743,cancelled,,,cancelled,,30.72,29,29,17,30.28,410.1,410.38,0.0
34214033894,e1f2f8c8e066c13aae07abc80843858816249b23,,2026-09-08T10:10:32Z,2026-09-07,34214033712,failure,,,failure,,13.72,34,34,17,13.32,341.68,341.93,0.0
34217459056,842563e6f2ef2f858984e1a3ec3702d0cf70c7d8,,2026-09-08T10:49:22Z,2026-09-07,34217458747,failure,,,failure,,16.92,34,34,17,16.5,315.23,315.48,0.0
34220428935,a1b6ad6d3347f595e487e5efbbfbd60de7a0721a,,2026-09-08T11:23:25Z,2026-09-07,34220428589,failure,,,failure,,14.2,34,34,17,13.77,349.89,350.16,0.0
34224106358,86caec8c93c8e8168b0a6003e739b33fdf72b286,,2026-09-08T12:05:03Z,2026-09-07,34224106379,success,,,failure,,16.4,34,34,17,15.93,396.08,396.31,0.0
34228967242,a03746f1cee9110a3461f5262e32d0c1b7eaace2,,2026-09-08T12:56:28Z,2026-09-07,34228967055,cancelled,,,cancelled,,16.93,34,34,17,16.53,388.35,388.6,0.0
34230493332,a03746f1cee9110a3461f5262e32d0c1b7eaace2,,2026-09-08T12:56:28Z,2026-09-07,34228967055,cancelled,,,failure,,13.47,34,34,17,11.57,309.32,309.57,0.0
34234322350,724493f66b1bfdbdf84202a8ad15619164e0c1e6,,2026-09-08T13:49:07Z,2026-09-07,34234322079,success,,,failure,,17.32,34,34,17,16.68,391.75,392.15,0.0
34234973645,9b8a202fdfaf005758e230c1614506311bf1d2d7,,2026-09-08T13:55:20Z,2026-09-07,34234973187,success,,,cancelled,,12.25,34,34,17,11.58,307.97,308.24,0.0
34236106329,1abb7f683564f02f6639f42bd0da20b7beb16cfa,,2026-09-08T14:06:07Z,2026-09-07,34236106071,success,,,failure,,15.92,34,34,17,14.08,349.03,349.26,0.0
34239807365,428890998485345fc1ca679b5a151fb0cd608e3f,,2026-09-08T14:40:44Z,2026-09-07,34239806916,success,,,failure,,13.23,34,34,17,12.83,334.19,334.42,0.0
34245481803,230dba0c1a12f4750e8fa7fa43018c84d0cd2d69,,2026-09-08T15:33:09Z,2026-09-07,34245481366,cancelled,,,cancelled,,2.07,34,34,17,1.55,28.22,28.47,0.0
34245522686,230dba0c1a12f4750e8fa7fa43018c84d0cd2d69,,2026-09-08T15:33:09Z,2026-09-07,34245481366,cancelled,,,failure,,5.18,34,34,17,2.82,91.59,91.79,0.0
34247934185,3f7932e2605ed91b711529aa92f8048ceb036885,,2026-09-08T15:56:11Z,2026-09-07,34247933801,success,,,failure,,15.8,34,34,17,15.33,385.52,385.8,0.0
34249663777,4e157e177a48485388fd00853fe762288efdd21f,,2026-09-08T16:12:48Z,2026-09-07,34249663141,cancelled,,,cancelled,,17.0,34,34,17,16.58,407.3,407.57,0.0
34250370835,52603dc9aa7b8623aa8c452b9c5252cb20092f70,,2026-09-08T16:19:44Z,2026-09-07,34250370733,success,,,failure,,13.13,34,34,17,11.57,305.69,305.97,0.0
34250909737,b0e8780b5a4bca64b88ca1821936b67178cf4585,,2026-09-08T16:25:01Z,2026-09-07,34250909304,success,,,failure,,14.48,34,34,17,12.82,268.9,269.1,0.0
34251281737,5734315491992adb18c90fd4c7e4a4a3bdfa4d1b,,2026-09-08T16:28:40Z,2026-09-07,34251281298,success,,,failure,,11.42,34,34,17,7.82,195.89,196.22,0.0
34263168381,5734315491992adb18c90fd4c7e4a4a3bdfa4d1b,,2026-09-08T16:28:40Z,2026-09-07,34251281298,success,,,failure,,15.73,34,34,17,15.33,381.19,381.37,0.0
34253593505,45faef937bd8648f1b49e17577da2267023e8bf6,,2026-09-08T16:51:22Z,2026-09-07,34253593414,success,,,failure,,3.92,34,34,17,2.8,91.56,91.86,0.0
34265028233,45faef937bd8648f1b49e17577da2267023e8bf6,,2026-09-08T16:51:22Z,2026-09-07,34253593414,success,,,failure,,17.03,34,34,17,16.57,386.0,386.32,0.0
34256543376,8cfac9847b71a80eb1bd1b7ff06b014e533ecdb4,,2026-09-08T17:20:57Z,2026-09-07,34256542793,success,,,failure,,12.02,34,34,17,11.58,311.78,312.03,0.0
34256942822,0d7c08e8faac5007f7a242f6e9c8cf5fc462fab7,,2026-09-08T17:24:52Z,2026-09-07,34256942528,success,,,failure,,19.05,34,34,17,16.58,386.5,386.73,0.0
34261567666,3fedb9b828ead16eeace54d909f95f0515e3fe23,,2026-09-08T18:11:35Z,2026-09-07,34261567310,success,,,failure,,13.85,34,34,17,13.4,337.22,337.54,0.0
34265006533,81fb601f5802e5a19b51e0e83d90d0617034e5bf,,2026-09-08T18:46:11Z,2026-09-07,34265006307,success,,,failure,,14.22,34,34,17,13.78,341.28,341.56,0.0
34270295232,81fb601f5802e5a19b51e0e83d90d0617034e5bf,,2026-09-08T18:46:11Z,2026-09-07,34265006307,success,,,failure,,13.23,34,34,17,12.83,329.14,329.39,0.0
34269153534,eaa29c92276a99ce08c4c4ff39c91eeb4a8e5bc6,,2026-09-08T19:28:18Z,2026-09-07,34269153286,failure,,,failure,,13.13,34,34,17,12.78,312.75,313.0,0.0
34271594010,9c31a5baf3f3ea1f95c30ac98945c50eca8ec75f,,2026-09-08T19:53:34Z,2026-09-07,34271593773,success,34273974643,,failure,,13.38,34,34,17,12.9,326.56,326.89,0.6
34273146698,24917b65b86146f7046818270195f3344ac10b6b,,2026-09-08T20:09:32Z,2026-09-07,34273145584,success,,,failure,,10.83,34,34,17,10.32,280.53,280.81,0.0
34273352508,327bf8a6a9e92aa4f669dc250963052d068ad22a,,2026-09-08T20:11:38Z,2026-09-07,34273352227,success,,,failure,,17.6,34,34,17,16.58,372.4,372.67,0.0
34273508554,6c48e84a69c67bb41a5b87d799f3a56439e1d965,,2026-09-08T20:13:12Z,2026-09-07,34273508318,success,,,failure,,21.17,34,34,17,15.23,321.72,322.05,0.0
34274199587,ed1536f14edd2c87602c6df14ef285bad3bc26e5,,2026-09-08T20:20:14Z,2026-09-07,34274199239,success,,,failure,,20.37,34,34,17,17.82,332.57,332.84,0.0
34275953333,65005c5f9fce37e62b27d153c3aca171d3d495bd,,2026-09-08T20:38:06Z,2026-09-07,34275953063,failure,,,failure,,15.82,34,34,17,15.32,373.06,373.39,0.0
34277051585,643fb11842db57f283254023863c263ba7593797,,2026-09-08T20:49:37Z,2026-09-07,34277051289,success,,,failure,,12.05,34,34,17,11.57,283.49,283.79,0.0
34278852337,643fb11842db57f283254023863c263ba7593797,,2026-09-08T20:49:37Z,2026-09-07,34277051289,success,,,failure,,15.02,34,34,17,14.57,334.68,334.91,0.0
34277127280,b7e4ff70ba33063e3ac4385f5f8025fb17ee35ea,,2026-09-08T20:50:23Z,2026-09-07,34277126964,success,,,failure,,18.47,34,34,17,16.58,354.03,354.33,0.0
34281770264,b7e4ff70ba33063e3ac4385f5f8025fb17ee35ea,,2026-09-08T20:50:23Z,2026-09-07,34277126964,success,,,failure,,17.07,34,34,17,16.55,368.78,369.03,0.0
34278085766,b045b8e40eb86df3d5abd5bbdbd155f2765dd1cd,,2026-09-08T21:00:32Z,2026-09-07,34278085297,cancelled,,,cancelled,,4.87,34,34,17,4.05,93.64,93.96,0.0
34278418513,71c3801182804c3967b8d7898635782b0f5457cb,,2026-09-08T21:03:52Z,2026-09-07,34278418269,cancelled,,,cancelled,,5.33,34,34,17,2.8,83.31,83.48,0.0
34278836213,055d85048cd26774e68baa147eb197f8e4d5ba9b,,2026-09-08T21:08:03Z,2026-09-07,34278835891,cancelled,,,cancelled,,14.67,34,34,17,12.82,298.56,298.83,0.0
34280103498,407c8c43045d31645684cf9cb76d70fba7e71d2b,,2026-09-08T21:21:10Z,2026-09-07,34280103121,cancelled,,,cancelled,,3.45,34,34,17,1.55,51.43,51.65,0.0
34280358166,407c8c43045d31645684cf9cb76d70fba7e71d2b,,2026-09-08T21:21:10Z,2026-09-07,34280103121,cancelled,,,failure,,12.4,34,34,17,10.32,271.36,271.61,0.0
34280673449,4c216e97ec08cdcbd13e7ae4f99a515e0405d9dc,,2026-09-08T21:27:06Z,2026-09-07,34280673133,cancelled,,,cancelled,,4.88,34,34,17,3.37,92.45,92.72,0.0
34281064238,4c216e97ec08cdcbd13e7ae4f99a515e0405d9dc,,2026-09-08T21:27:06Z,2026-09-07,34280673133,cancelled,,,failure,,15.3,34,34,17,12.83,290.06,290.38,0.0
34283890758,a668ecae8997d696ea9566381eacc630679e45c3,,2026-09-08T22:03:17Z,2026-09-07,34283890330,failure,,,failure,,13.22,34,34,17,12.8,323.09,323.37,0.0
34284533080,e7e759979f1cd262db65ef2dbe5b9652335b1542,,2026-09-08T22:10:40Z,2026-09-07,34284532796,success,,,failure,,12.03,34,34,17,11.57,275.48,275.75,0.0
34284883377,487ce57b11b07df17b6fa69c4b7e7771117edca3,,2026-09-08T22:14:40Z,2026-09-07,34284883239,success,,,cancelled,,14.05,34,34,17,12.8,311.5,311.78,0.0
34285977407,771433cdac16ec0d8109efb92fc40f0ec88c2596,,2026-09-08T22:27:13Z,2026-09-07,34285977333,success,,,failure,,12.2,34,34,17,10.32,270.46,270.73,0.0
34286772843,cbaacfcdb7b0570a97140d5a3adf13c916a822dc,,2026-09-08T22:36:34Z,2026-09-07,34286772642,success,,,failure,,9.85,34,34,17,9.03,229.77,230.07,0.0
34288341379,6593cb8620b7b5a28ff8e927ac9556693c937ac4,,2026-09-08T22:56:32Z,2026-09-07,34288341544,success,34292516807,,success,,26.22,34,34,17,25.83,438.83,439.08,1.07
34288429486,c86c327a4aa314cf31defa4591325926c29e177c,,2026-09-08T22:57:42Z,2026-09-07,34288429323,success,,,failure,,9.35,34,34,17,8.02,192.07,192.32,0.0
34289509511,ec6c6b562d239b89084a8e423e611c39fc4fac26,,2026-09-08T23:11:41Z,2026-09-07,34289509363,success,,,failure,,12.18,34,34,17,11.75,313.58,313.86,0.0
34291288924,5d3ad9cf2609ac33654202351ede61bd565c8dd0,,2026-09-08T23:34:55Z,2026-09-07,34291288799,success,,,failure,,12.25,34,34,17,11.85,317.67,317.94,0.0
34292114254,ca697614c5b232a32cf40f0b747daf9558d01eac,,2026-09-08T23:46:16Z,2026-09-07,34292114102,success,34294033297,,success,,25.57,34,34,17,24.67,455.35,455.73,1.15
34292478615,7aa4edb154ab786d542afb7c07c1286a0147ab53,,2026-09-08T23:51:24Z,2026-09-07,34292478670,success,,,cancelled,,10.05,34,34,17,9.3,246.38,246.65,0.0
34293191284,1789f713cc42ec383bc546d63b3a7d67ddc41380,,2026-09-09T00:01:23Z,2026-09-07,34293191045,success,34295070537,,success,,24.33,34,34,17,23.7,417.58,418.0,1.11
34296420907,a98d87caa34b77fddcb9221386612c17c14cb750,,2026-09-09T00:46:21Z,2026-09-07,34296420626,success,34298284001,,success,,26.7,34,34,17,26.2,450.38,450.63,1.04
34296885692,40d41925ea7014d6ab2f360ef3736dc75b2f87cb,,2026-09-09T00:53:11Z,2026-09-07,34296885530,success,34297326796,,cancelled,,6.42,34,34,17,5.93,155.54,155.81,0.0
34297291835,d49fe0d7fa3fada0466e9ef8ed54208fe301c125,,2026-09-09T00:59:08Z,2026-09-07,34297291750,success,34297573368,,cancelled,,3.8,34,34,17,2.83,92.26,92.61,0.0
34297547032,d49fe0d7fa3fada0466e9ef8ed54208fe301c125,,2026-09-09T00:59:08Z,2026-09-07,34297291750,success,34299333739,,success,,25.4,34,34,17,24.18,439.51,439.68,1.15
34299383951,a3cfa4938646a0b9a37ede57d00bb98ebe75e6c7,,2026-09-09T01:29:18Z,2026-09-07,34299383724,success,34301075288,,success,,25.32,34,34,17,24.92,444.66,444.93,1.05
34302407697,161fe32ddcc567825f2831cc08bf8c93b2dbdc54,,2026-09-09T02:14:18Z,2026-09-07,34302407391,success,34304021682,,success,,24.15,34,34,17,23.77,442.68,442.93,1.05
34302742002,b192638863689759b916db1187cf13bf8d929c6a,,2026-09-09T02:19:17Z,2026-09-07,34302741887,success,34305480458,,success,,41.83,34,34,17,24.38,447.84,448.12,1.08
34302748188,7b49feadc3c773a5006aa988fa4700a2cea16b76,,2026-09-09T02:19:23Z,2026-09-07,34302748022,success,34305774295,,success,,46.32,34,34,17,26.25,443.38,443.6,1.14
34302754943,a0dc32ea17c78738241b3344ae54b2143a99338e,,2026-09-09T02:19:30Z,2026-09-07,34302754685,success,34306512922,,success,,57.38,34,34,17,26.07,432.48,432.63,1.18
34302763327,fc2aab106dda7aa8c2d75f047d89f9432285f0bb,,2026-09-09T02:19:39Z,2026-09-07,34302763262,success,34306176348,,success,,52.1,34,34,17,26.33,463.49,463.74,1.17
34302768241,a7b90bae1b59e1d7ed167a808e0f5f7d5147d192,,2026-09-09T02:19:43Z,2026-09-07,34302767986,success,34307792514,,success,,76.97,34,34,17,24.9,461.86,462.16,1.07
34302776773,36bd50df6852e8240bc1a616698811d723ac1220,,2026-09-09T02:19:51Z,2026-09-07,34302776673,success,34307809681,,success,,77.1,34,34,17,24.8,442.23,442.48,1.2
34302784724,225c810fc690b0fff5edb0bff0b3a689bab4af00,,2026-09-09T02:19:58Z,2026-09-07,34302784491,success,34308175335,,success,,82.82,34,34,17,24.45,449.02,449.3,0.97
34302792504,b284d01b3e221c58ddcd1bbc4ca1bb3751c4c394,,2026-09-09T02:20:04Z,2026-09-07,34302792108,success,34309332845,,success,,101.08,34,34,17,26.85,451.44,451.69,0.96
34302801479,9f98718471e23d6a51070e9f566adb15badf7a43,,2026-09-09T02:20:12Z,2026-09-07,34302801319,success,34309259355,,success,,99.93,34,34,17,25.22,455.12,455.34,1.09
34302809663,0bddbbf3d4fbfbcdb2c4c7cd2d6c0af891a00956,,2026-09-09T02:20:18Z,2026-09-07,34302809414,success,34310220921,,success,,114.65,34,34,17,24.88,405.01,405.28,0.97
34302826861,508644bbf3f82fc15d57083b6a857c84a9e0e007,,2026-09-09T02:20:33Z,2026-09-07,34302826628,success,34311111446,,success,,127.98,34,34,17,26.35,438.62,438.89,1.0
34302833981,c0a396fe71530434a8314cbdaa98844c623ecf5c,,2026-09-09T02:20:40Z,2026-09-07,34302833834,success,34311440565,,success,,132.95,34,34,17,26.5,443.72,443.99,1.02
34302840866,397e94cd6c359a1f444073385c499d80aafbcf84,,2026-09-09T02:20:46Z,2026-09-07,34302840612,success,34312961781,,success,,156.52,34,34,17,25.25,439.5,439.78,1.1
34302847633,771083c0decdf1a3bbb92b7f2670ddf7e4390abc,,2026-09-09T02:20:53Z,2026-09-07,34302847845,success,34312064829,,success,,142.35,34,34,17,24.85,457.38,457.65,0.98
34302863991,0bd394209b7011136456589ba62a371ff48dfd9b,,2026-09-09T02:21:07Z,2026-09-07,34302863795,success,34313476817,,success,,164.2,34,34,17,23.35,444.94,445.19,1.05
34302870635,927f2cdb88c5ffe705e9dcb6740dd8b7113983e2,,2026-09-09T02:21:13Z,2026-09-07,34302870412,success,34313824522,,success,,169.28,34,34,17,26.08,446.24,446.47,0.99
34302877673,ef5653580bc2d0814f029acfe125fe99fd8eedf7,,2026-09-09T02:21:19Z,2026-09-07,34302877461,success,34314751358,,success,,183.2,34,34,17,26.82,435.76,436.04,1.0
34302885570,ba71b57b00541c085671b1c48e72665620176a37,,2026-09-09T02:21:26Z,2026-09-07,34302885295,success,34314727162,,success,,182.7,34,34,17,24.17,422.53,422.78,1.03
34302898358,4b54cd32591c4815fdc1f3a620669695ad97654d,,2026-09-09T02:21:39Z,2026-09-07,34302898235,success,34315840522,,success,,198.93,34,34,17,24.57,428.16,428.44,1.77
34305038321,c45dee9a6b0c403eaabd596c8dcf1d9bafc7f31d,,2026-09-09T02:54:13Z,2026-09-07,34305038126,success,34316499183,,success,,176.03,34,34,17,26.8,436.8,437.05,1.02
34306798699,c322f4075b98468f48ec12c0e8af62cb6e2c0410,,2026-09-09T03:21:22Z,2026-09-07,34306798543,success,34316399680,,cancelled,,147.42,34,34,17,19.4,356.62,356.85,0.0
34316377416,cdf9b99047ca2a5706717fd78e873d80460735e9,,2026-09-09T05:48:29Z,2026-09-07,34316377266,success,34318391961,,success,,28.68,34,34,17,25.97,454.62,454.9,1.14
34319930203,60633921f3bbfc7c01dabeb29959bee1509a7270,,2026-09-09T06:37:42Z,2026-09-07,34319929675,failure,34322524061,,success,,32.72,34,34,17,23.63,418.59,418.86,1.1
34323566684,a6ec0f91ffd40bbda59b16c843369a410018505a,,2026-09-09T07:23:08Z,2026-09-07,34323566459,success,34325692375,,success,,24.68,34,34,17,23.53,431.78,432.06,1.24
34359804443,5b0fc97138fe1d4a6ecf7548bd425d4d98a2c8cf,,2026-09-09T13:51:37Z,2026-09-07,34359804043,success,34362460172,,success,,24.22,34,34,17,23.77,436.69,436.97,0.9
34360491609,f704c552df15b1bc59e1b4a0561cbde2a4192e76,,2026-09-09T13:58:00Z,2026-09-07,34360491193,success,34363564589,,success,,27.97,34,34,17,24.92,428.13,428.33,0.85
34362045800,d5eea57b943ef5729c990d7a8f4e1a8b7847af0d,,2026-09-09T14:12:08Z,2026-09-07,34362045639,failure,34364715425,,success,,24.2,34,34,17,23.2,442.99,443.26,1.47
34362557098,47b63a619203cd49869a391d7ebaa401ef9827e2,,2026-09-09T14:16:46Z,2026-09-07,34362556528,success,34365450886,,success,,26.23,34,34,17,24.2,442.76,443.06,1.09
34364527272,475ab6fba05626b693742966868df79c85971dfd,,2026-09-09T14:34:43Z,2026-09-07,34364526877,failure,34368115031,,success,,32.27,34,34,17,24.58,435.34,436.17,1.1
34365327948,dcabd309c6ff3a78f82d8cac398e6ad597e562fb,,2026-09-09T14:41:55Z,2026-09-07,34365327694,success,34369116456,,success,,34.13,34,34,17,24.38,440.29,440.59,1.08
34367276503,b3addd692b9bab083dfe9cf95be9b2ef56b89db2,,2026-09-09T14:59:37Z,2026-09-07,34367276206,success,34370410777,,success,,28.28,34,34,17,24.25,440.61,440.89,1.8
34367611075,77d1a497a3f504d93f09d554e50f422ce57fcf39,,2026-09-09T15:02:32Z,2026-09-07,34367610778,success,34371981670,,success,,39.72,34,34,17,23.83,430.07,430.3,1.99
34367969383,feb16e90d4122a3c56fd1857ad5fac4dfc1e16c8,,2026-09-09T15:05:44Z,2026-09-07,34367968950,success,34373030972,,success,,46.03,34,34,17,23.92,449.82,450.02,1.4
34369323294,30c0ec8e9958a09a32b1fb62143731690803f460,,2026-09-09T15:17:59Z,2026-09-07,34369322880,failure,34373525399,,success,,38.33,34,34,17,23.45,431.53,431.86,1.38
34371058573,9dba3e47b64ca8c369b6c151768eb77c3cc0278e,,2026-09-09T15:33:50Z,2026-09-07,34371059351,success,34373524561,,failure,,22.48,34,34,17,17.25,313.43,313.66,0.48
34371236312,f47b9e84e202ac12d23a349b09efbb98518e5214,,2026-09-09T15:35:26Z,2026-09-07,34371236000,success,34376040378,,success,,44.45,34,34,17,24.15,441.41,441.73,1.09
34372664692,611fa701eaa3b96bcf5af06d6b402a5623dd9ebc,,2026-09-09T15:48:27Z,2026-09-07,34372664630,success,34376771195,,success,,38.33,34,34,17,24.05,450.97,451.19,1.18
34375888452,5a02d09beac39cb40845e674a285ba2a7f38141d,,2026-09-09T16:18:28Z,2026-09-07,34375888241,cancelled,34375953271,,cancelled,,0.58,1,0,1,0.0,0,0.57,0.0
34375945863,5a02d09beac39cb40845e674a285ba2a7f38141d,,2026-09-09T16:18:28Z,2026-09-07,34375888241,cancelled,34379029527,,success,,29.4,34,34,17,24.1,437.04,437.37,0.97
34378684007,0286483187be87b12c975de53d60daf6e8512827,,2026-09-09T16:45:09Z,2026-09-07,34378683541,cancelled,34378927176,,cancelled,,2.27,34,34,17,1.55,42.59,42.79,0.0
34378817104,0286483187be87b12c975de53d60daf6e8512827,,2026-09-09T16:45:09Z,2026-09-07,34378683541,cancelled,34381288284,,success,,24.12,34,34,17,22.38,427.92,428.09,1.17
34379328188,e6039eeb0e20f5a0a4d4627812f92cce1ee101ae,,2026-09-09T16:51:22Z,2026-09-07,,,34382139399,,success,,27.47,34,34,17,23.72,436.55,436.8,1.08
34380220932,6a7e9f4c32c9da153afb9f2328f32deeffeb03df,,2026-09-09T17:00:13Z,2026-09-07,34380220619,failure,34383676154,,success,,33.63,34,34,17,24.5,431.84,432.14,1.1
34383969333,6a7e9f4c32c9da153afb9f2328f32deeffeb03df,,2026-09-09T17:00:13Z,2026-09-07,34380220619,failure,34386493793,,success,,24.77,34,34,17,24.37,436.98,437.15,1.04
34380622927,78e1f1a2a9d21a769fa2e7ca69827b672528765a,,2026-09-09T17:04:01Z,2026-09-07,34380622146,success,34384413812,,success,,37.05,34,34,17,24.08,434.64,434.87,0.75
34382252012,2c1c5bfd4359e8dee4e614ebea0274ceb81afb50,,2026-09-09T17:19:59Z,2026-09-07,34382251698,failure,34385286786,,success,,29.65,34,34,17,22.6,418.51,418.73,1.21
34384467325,5af94a28c356c3670624e5488c10cd06836a2f52,,2026-09-09T17:41:38Z,2026-09-07,34384466998,failure,34386902145,,success,,23.93,34,34,17,22.98,421.29,421.54,1.15
34386754057,9fbda354f4a1af2782d7cf12a0f21055e6eb66d6,,2026-09-09T18:04:10Z,2026-09-07,34386753598,failure,34389546652,,success,,27.48,34,34,17,23.97,431.24,431.49,1.0
34390869167,8a543e2827f53bf003b1d85cda00177f6e9099dd,,2026-09-09T18:44:33Z,2026-09-07,34390868953,failure,34393387490,,success,,25.03,34,34,17,24.62,452.92,453.19,1.06
34391956669,96413805eccf9fdbb9882de6c1e43db80bd3eaa5,,2026-09-09T18:55:23Z,2026-09-07,34391956224,success,34394561693,,success,,25.9,34,34,17,24.15,435.86,436.09,0.79
34391989302,0344815e84a5a61267049a9f479c35a32d5a1af2,,2026-09-09T18:55:44Z,2026-09-07,34391988937,failure,34395729341,,success,,37.35,34,34,17,23.53,428.33,428.5,1.11
34393078381,ebd4f06d30ef990c4b37c1326fceead7cef503bd,,2026-09-09T19:06:32Z,2026-09-07,34393078137,cancelled,34395516423,,failure,,24.38,34,34,17,20.33,401.42,401.67,0.32
34396120325,da9135e9b9435aad33252fac1bc5ad90d607ccc4,,2026-09-09T19:37:02Z,2026-09-07,34396120024,success,34398531766,,success,,24.32,34,34,17,23.92,437.72,437.99,0.91
34401843690,520bbcd4bf97d0768e272e4b11d4662f7a033e87,,2026-09-09T20:34:24Z,2026-09-07,34401843329,success,34406438234,,success,,46.78,34,34,17,23.68,422.91,423.19,0.88
34401846848,66724529b33d5c4a123056dfbeaf034aa5ed1a16,,2026-09-09T20:34:26Z,2026-09-07,34401846563,success,34406696240,,success,,49.45,34,34,17,22.4,428.03,428.43,1.23
34401847723,bc3ded89d3b6e16db355e555a16350b3102839c9,,2026-09-09T20:34:27Z,2026-09-07,34401847435,success,34406880379,,success,,51.43,34,34,17,24.05,452.83,453.06,1.1
34401850102,f1eba25354b17b1d6a06b6016ed9cc357c5ecbc5,,2026-09-09T20:34:29Z,2026-09-07,34401849852,success,34407450851,,success,,57.55,34,34,17,24.07,438.92,439.14,0.92
34401853204,7b905d2679a249c4928670dee6bd6e199814b260,,2026-09-09T20:34:30Z,2026-09-07,34401852916,success,34407394664,,success,,56.9,34,34,17,23.28,413.45,413.65,1.38
34409425238,ac81b094d26e3339c4e3634c6aa7d7fdda94d9e2,,2026-09-09T21:54:16Z,2026-09-07,34409424965,success,34411535945,,success,,24.02,34,34,17,23.6,451.03,451.3,1.05
34409885197,db229ed182474216a7f9f1a5994cb403a05a7833,,2026-09-09T21:59:38Z,2026-09-07,34409884874,failure,34412376277,,success,,28.65,34,34,17,26.27,447.59,447.81,1.04
34413193436,20fc06bd516b273e43d6ff75e3e7ac96a866ee38,,2026-09-09T22:38:11Z,2026-09-07,34413193146,success,34415961042,,cancelled,,35.37,34,34,17,35.0,428.38,428.6,0.0
34420272793,6be26619ef28b90d25edf6e9089dddb4062d1a8a,,2026-09-10T00:12:16Z,2026-09-07,34420272513,success,34422015881,,success,,24.27,34,34,17,23.9,433.96,434.19,1.08
34430159992,f26efd5e7a7ed84673ff2d30d01a1516fa98b454,,2026-09-10T02:37:15Z,2026-09-07,34430159690,success,34431737338,,success,,24.53,34,34,17,24.17,431.95,432.18,0.81
34441990260,fc1f58e326f067b7a5892965b75c04b8b5e35894,,2026-09-10T05:40:05Z,2026-09-07,34441989868,failure,34443589587,,success,,23.75,34,34,17,23.33,454.68,454.96,0.97
34443893434,12c03cefbf78cafee05bb5285c934757bf21621e,,2026-09-10T06:08:08Z,2026-09-07,34443893165,cancelled,34444268471,,cancelled,,5.37,34,34,17,4.97,146.87,147.1,0.0
34444239885,f8598fca7840cfb240b367bf169103923665ccbe,,2026-09-10T06:13:06Z,2026-09-07,34444239800,cancelled,34444974682,,cancelled,,10.18,34,34,17,9.42,260.04,260.27,0.0
34444372194,d199e7e93a4f93ac66b54f6ccccf2d8f9bc80bd3,,2026-09-10T06:14:56Z,2026-09-07,34444371842,cancelled,34444856396,,cancelled,,6.72,34,34,17,6.3,129.48,129.73,0.0
34444830885,32dd01a45a469931290fa434dc4ceb70432870c0,,2026-09-10T06:21:20Z,2026-09-07,34444830653,cancelled,34444854961,,cancelled,,0.27,0,0,0,0.0,0,0,0.0
34444849218,32dd01a45a469931290fa434dc4ceb70432870c0,,2026-09-10T06:21:20Z,2026-09-07,34444830653,cancelled,34446770988,,success,,25.32,34,34,17,24.87,420.32,420.49,0.85
34444945465,bc28bb6084f7e36d41b1f675f2899176d7480da0,,2026-09-10T06:22:57Z,2026-09-07,34444945216,cancelled,34446451465,,cancelled,,19.93,34,34,17,18.72,383.25,383.52,0.0
34446424522,bc28bb6084f7e36d41b1f675f2899176d7480da0,,2026-09-10T06:22:57Z,2026-09-07,34444945216,cancelled,34448705087,,success,,28.58,34,34,17,23.27,423.67,423.85,0.85
34445161349,f309d15d9a5e07c5792611d3ea0c4bd0b82a0a78,,2026-09-10T06:25:53Z,2026-09-07,34445161121,action_required,,,action_required,,0.0,0,0,0,0.0,0,0,0.0
34446198888,06359ed84566239b1d00b6628e9fac9ab979d728,,2026-09-10T06:39:35Z,2026-09-07,34446198612,failure,34447940159,,failure,,22.15,34,34,17,21.75,434.9,435.17,0.45
34447573628,21d815f8e86e00ac6daea67378762a5736145b66,,2026-09-10T06:57:14Z,2026-09-07,34447573416,success,34450386759,,success,,34.22,34,34,17,25.4,441.15,441.35,0.95
34448985191,a8f593ceeda18b032e31c2f6411f366f668ddd33,,2026-09-10T07:14:35Z,2026-09-07,34448984849,success,34451057140,,cancelled,,24.9,34,34,17,22.22,417.43,417.68,0.0
34449770861,efa7ab2e2b220e4cdf54dd03aa43bf2d4aae198d,,2026-09-10T07:24:08Z,2026-09-07,34449770679,success,34452131073,,success,,27.9,34,34,17,26.27,441.2,441.48,0.83
34451016814,f224559da807f35986b770651152f20ee6de3be7,,2026-09-10T07:39:03Z,2026-09-07,34451016625,success,34453112079,,success,,24.35,34,34,17,23.57,418.4,418.6,1.7
34452029340,ac1397877dd77f32560995f47442871c12dc7f41,,2026-09-10T07:50:53Z,2026-09-07,34452029210,cancelled,34452123446,,cancelled,,1.08,34,34,17,0.65,12.6,12.9,0.0
34452090961,ac1397877dd77f32560995f47442871c12dc7f41,,2026-09-10T07:50:53Z,2026-09-07,34452029210,cancelled,34452636990,,cancelled,,6.4,34,34,17,5.72,156.54,156.71,0.0
34452597796,265292e92a6b35edee50af3b33f5884c9afd01ee,,2026-09-10T07:57:33Z,2026-09-07,34452597551,failure,34454955220,,success,,26.52,34,34,17,25.72,476.61,476.84,0.98
34453003655,7174019b16e2674232f564e30a20e5d277127388,,2026-09-10T08:02:10Z,2026-09-07,34453003311,success,34455713451,,success,,30.18,34,34,17,26.52,437.07,437.34,0.79
34454089374,fda64b2b7882a69bcaa6c84566b57412077f83af,,2026-09-10T08:14:24Z,2026-09-07,34454089155,failure,34456446528,,success,,26.17,34,34,17,23.05,430.43,430.7,1.05
34456150474,154dcc723a785f905bbca8f8994ed5f744a5ed7e,,2026-09-10T08:37:14Z,2026-09-07,34456150015,cancelled,34456757052,,cancelled,,6.77,34,34,17,6.37,185.33,185.58,0.0
34456455864,3764f8e1897e164aa31751e6755ed6a2d2f3ac3d,,2026-09-10T08:40:42Z,2026-09-07,34456455531,failure,34458640937,,success,,24.0,34,34,17,23.3,427.58,427.83,1.34
34456716399,e643ec3365e02132c863ec1ecf2f639bc8da22a3,,2026-09-10T08:43:36Z,2026-09-07,34456716141,cancelled,34459348237,,success,,28.73,34,34,17,23.27,456.89,457.31,1.0
34458670713,cef59f8dcd505a8b6608a42c337165bdf1169ab5,,2026-09-10T09:05:04Z,2026-09-07,34458670184,success,34459836769,,failure,,12.6,34,34,17,10.4,199.1,199.33,0.48
34471884596,7a23e20b8b952dd31971f9c9927b69be832b3837,,2026-09-10T11:33:06Z,2026-09-07,34471884256,success,34474237588,,success,,26.67,34,34,17,26.18,444.33,444.68,0.85
34472721373,5a7cb03a430fab4ac7d7808e6740bdfa012d9c92,,2026-09-10T11:42:33Z,2026-09-07,34472721185,cancelled,34473927431,,cancelled,,13.6,34,34,17,12.82,298.74,298.97,0.0
34473796042,c97167eb7a9d5dad042eae78fe6bfeeb7e4f0659,,2026-09-10T11:54:44Z,2026-09-07,34473795911,failure,34476497215,,success,,29.22,34,34,17,27.35,448.05,448.28,0.9
34476853632,3fce00bc88e2012639c577de205046bdefc7412b,,2026-09-10T12:27:47Z,2026-09-07,34476853360,success,34479437763,,success,,27.02,34,34,17,26.65,443.65,443.87,1.06
34476989240,0b54397e6642eb8b0ca0693bfccec85e116bc803,,2026-09-10T12:29:16Z,2026-09-07,34476988887,success,34479814747,,success,,29.42,34,34,17,27.85,446.03,446.2,0.9
34480326435,e9007b8933eef424c08a5efcbafd24ec1a7fb2f8,,2026-09-10T13:03:49Z,2026-09-07,34480326166,cancelled,34482073901,,failure,,17.05,34,34,17,16.57,312.6,312.8,0.57
34483183959,e70f32ae8a66af3268bf1ad908cf4c9035491108,,2026-09-10T13:31:35Z,2026-09-07,34483183735,cancelled,34485989596,,success,,26.62,34,34,17,26.27,491.63,491.83,0.99
34483711779,6e993e763e001cbd36e83a23690b5bc7e9d0daaf,,2026-09-10T13:36:37Z,2026-09-07,34483711444,success,34486721673,,success,,28.35,34,34,17,27.83,446.9,447.12,0.9
34488867192,ca9025b280ffcf89b2870b06ae7233fd541d055a,,2026-09-10T14:24:38Z,2026-09-07,34488866817,success,34491841437,,success,,27.05,34,34,17,26.13,457.29,457.62,0.82
34500296686,9da00b44d825fb57d3c3c4291e69489a3b5621a6,,2026-09-10T16:09:27Z,2026-09-07,34500296432,failure,34971364278,failure,failure,7002.25,7002.1,0,0,0,0.0,0,0,0.06
34508012761,3047bcbc7f331db288d9498895dfb6a682a9039d,,2026-09-10T17:24:21Z,2026-09-07,34508012348,success,34510728375,,success,,26.72,34,34,17,26.22,459.62,459.9,0.97
34510169646,218648f8f33cd7d3348295aa90c218099b18dd7f,,2026-09-10T17:45:37Z,2026-09-07,34510169203,success,34512950128,,success,,27.38,34,34,17,25.72,488.99,489.39,1.1
34568776616,5ca781482349ab1fa38ea6affd05f3845fd782cd,,2026-09-11T06:09:43Z,2026-09-07,34568776385,failure,34570705552,,success,,27.43,34,34,17,27.03,465.48,465.73,0.85
34576547068,85a70f9e676473e8435d5e2e0814cbf125a9a446,,2026-09-11T07:53:54Z,2026-09-07,34576546757,success,34578654684,,success,,26.05,34,34,17,25.68,479.35,479.6,0.89
34586259603,8a645ccf7b3dd0c65a159690789dd17b081ea659,,2026-09-11T09:50:50Z,2026-09-07,34586259190,success,34588454338,,success,,26.23,34,34,17,25.8,470.77,471.0,1.02
34592026990,f24f4784e9e1b386365991caa34f79f7cdaa693c,,2026-09-11T11:01:30Z,2026-09-07,34592026839,cancelled,34592232559,,cancelled,,2.63,34,34,17,2.25,73.23,73.45,0.0
34592199084,fbbb410c09f2d5a65310f379126a93a8dfd7fb87,,2026-09-11T11:03:44Z,2026-09-07,34592198801,failure,34594428605,,success,,27.48,34,34,17,26.78,469.77,469.94,0.95
34592603123,a9eddb5ef2c4fa59f3697314846e7583fea2fc2d,,2026-09-11T11:08:50Z,2026-09-07,34592602875,failure,34594837803,,success,,27.43,34,34,17,26.7,448.43,448.66,0.99
34601310629,06087fdd1de3f3a0db4b2999b926a9c38e3a9ec1,,2026-09-11T12:53:51Z,2026-09-07,34601310323,success,34603784037,,success,,27.0,34,34,17,26.6,445.7,445.97,1.37
34625816393,e32c727dd1df7a57bfedbf2851beb43779e8c904,,2026-09-11T17:06:28Z,2026-09-07,34625816123,cancelled,34626007056,,cancelled,,2.03,34,34,17,1.55,39.78,40.01,0.0
34625871765,e32c727dd1df7a57bfedbf2851beb43779e8c904,,2026-09-11T17:06:28Z,2026-09-07,34625816123,cancelled,34628755808,,success,,30.57,34,34,17,28.2,468.17,468.4,0.86
34626183106,0dfd442cf584f9a49696894e349a2a70881c147b,,2026-09-11T17:10:26Z,2026-09-07,34626182770,failure,34627975949,,cancelled,,19.03,34,34,17,18.32,379.85,380.12,0.0
34627920861,777fc152fcd1ae7596bca1e93f3e07698e40f230,,2026-09-11T17:28:54Z,2026-09-07,34627920595,success,34630493585,,success,,27.55,34,34,17,26.68,458.32,458.49,0.7
34631330219,a26209b3fcfd1a17f1347a33a8d9eedd6b5aa874,,2026-09-11T18:05:27Z,2026-09-07,34631329691,success,34633784991,,success,,26.42,34,34,17,26.02,440.87,441.1,0.78
34631725040,2c7855ea8c427dd2be0406b0291c942e35750320,,2026-09-11T18:09:43Z,2026-09-07,34631724912,action_required,,,action_required,,0.0,0,0,0,0.0,0,0,0.0
34631848551,d00400b9932af74d0fbbaf51267d6a1ff6586022,,2026-09-11T18:11:03Z,2026-09-07,34631848140,failure,34971366095,success,failure,5442.03,5440.5,0,0,0,0.0,0,0,1.16
34645373385,7255f45be3ccde1eb9432c7b338f2f5df486bcd2,,2026-09-11T20:39:30Z,2026-09-07,34645373349,success,34646588758,,failure,,14.05,34,34,17,13.63,348.88,349.15,0.4
34647761049,1516799b8de4536e0956fe4e2cf2b1071d8b68b3,,2026-09-11T21:07:14Z,2026-09-07,34647760845,success,34650165425,,success,,28.8,34,34,17,28.4,471.49,471.74,0.82
34659148284,5f5b44e131c03772653eadce674f60ed59c1ea6d,,2026-09-11T23:43:55Z,2026-09-07,34659148125,failure,34660771045,,success,,27.23,34,34,17,26.88,457.74,457.97,0.99
34660800049,e81595b9bbf66a9374abdf308b16fa8e077715aa,,2026-09-12T00:11:41Z,2026-09-07,34660799861,success,34662214330,,success,,25.05,34,34,17,24.65,443.62,443.87,0.7
34663010522,df53e8af40090b325d235c481001bbcff7d967d9,,2026-09-12T00:51:35Z,2026-09-07,34663010311,success,34664520383,,success,,28.62,34,34,17,28.28,477.79,478.01,0.83
34663572226,46c782380defb5e40cdcf27271aae6f50e1c8c76,,2026-09-12T01:02:11Z,2026-09-07,34663572007,failure,34664814729,,failure,,24.08,34,34,17,23.7,467.81,468.06,0.32
34665076267,2f022caa516bdfaf6f33dfd3ec213af66bd7b6cd,,2026-09-12T01:31:26Z,2026-09-07,34665076123,failure,34666346412,,success,,26.73,34,34,17,26.43,476.29,476.47,0.68
34665281751,50f488b9756e2ac711631cdaa48497f4928956be,,2026-09-12T01:35:38Z,2026-09-07,34665281581,success,34666386681,,failure,,23.4,34,34,17,22.8,444.03,444.23,0.32
34682247130,5f9e290f5fb58aa279d92222d1b06301338463f1,,2026-09-12T08:02:24Z,2026-09-07,34682246967,success,34683228256,,failure,,22.95,34,34,17,22.4,408.88,409.1,0.3
34682248809,d359141fc15063b7ba1fa528428cae91deabbed9,,2026-09-12T08:02:27Z,2026-09-07,34682248807,success,34683457931,,success,,28.23,34,34,17,27.82,480.2,480.42,1.05
34682324266,05f07b4f129ca08fbc3a822a33030de6b47b53ff,,2026-09-12T08:04:11Z,2026-09-07,34682324162,success,34684063999,,success,,40.77,34,34,17,28.02,475.97,476.2,0.88
34685408909,bf1d7dda3622e7f9f32660a55806be8231a4bb58,,2026-09-12T09:16:24Z,2026-09-07,34685408810,success,34686652592,,success,,28.6,34,34,17,26.7,484.16,484.41,0.87
34685412619,280cb7557a67f6c1dfc4327b7f33718fead73b3e,,2026-09-12T09:16:28Z,2026-09-07,34685412468,success,34687272464,,success,,43.4,34,34,17,28.42,457.88,458.11,0.8
34685421253,0f7b4f17d02eaafdd20710c13a140ec9e8a9dcf5,,2026-09-12T09:16:40Z,2026-09-07,34685421108,cancelled,34686185479,,failure,,17.25,34,34,17,16.55,494.64,494.91,0.45
34685442114,378e148e73cd9091b257ce0bd2981ab8ad91f384,,2026-09-12T09:17:08Z,2026-09-07,34685441984,success,34687499714,,success,,47.7,34,34,17,28.73,458.01,458.28,1.04
34685547962,2bb29682bd575953c712316bde98ce78cb2f8505,,2026-09-12T09:19:34Z,2026-09-07,34685547867,success,34688620775,,success,,70.8,34,34,17,26.57,472.24,472.54,0.92
34685551367,7c9a807b66030125105ff7dd60208897ee97daa9,,2026-09-12T09:19:39Z,2026-09-07,34685551281,success,34688724825,,success,,72.93,34,34,17,28.42,473.54,473.76,0.85
34685679157,d62cc11a4d38aa82d3facc9b82fca83864a67da6,,2026-09-12T09:22:30Z,2026-09-07,34685679038,cancelled,34686807082,,cancelled,,26.08,34,34,17,12.57,426.6,426.82,0.0
34686627205,22981408e945fc76dc8c4bb833cd4119705125cf,,2026-09-12T09:44:25Z,2026-09-07,34686627033,success,34689221073,,success,,59.65,34,34,17,26.45,428.19,428.44,1.15
34686658823,669e7ead4ffb20a960a75a7ba5e3e16023931ee3,,2026-09-12T09:45:10Z,2026-09-07,34686658727,success,34689804790,,success,,72.73,34,34,17,25.98,448.14,448.34,0.75
34686803063,bff394e48b1595bbd6775115cd176f228f3ffa77,,2026-09-12T09:48:32Z,2026-09-07,34686802894,cancelled,34689553340,,cancelled,,63.23,34,34,17,21.62,367.42,367.64,0.0
34689540806,cf364b38c427355c0dd6dc77cc326586a64f6805,,2026-09-12T10:51:27Z,2026-09-07,34689540681,success,34691074986,,success,,35.33,34,34,17,26.3,472.45,472.68,0.72
34690921458,0b634d8d74816099cddabc2929d4a41f2c256652,,2026-09-12T11:23:17Z,2026-09-07,34690921356,failure,34692093902,,failure,,27.3,34,34,17,26.85,452.69,453.01,0.25
34763178748,0e86fa02f2b3b68792576ea758eb65326d1ef98c,,2026-09-13T14:37:01Z,2026-09-07,34763178611,success,34763838790,,failure,,13.62,34,34,17,13.27,342.76,342.98,0.35
34763995757,eac661a662ac2eac430fa84773e68d76afa9b79c,,2026-09-13T14:54:00Z,2026-09-07,34763995613,success,34765397069,,success,,28.32,34,34,17,27.95,459.55,459.78,0.87
34765448817,eac661a662ac2eac430fa84773e68d76afa9b79c,,2026-09-13T14:54:00Z,2026-09-07,34763995613,success,34766835428,,success,,27.8,34,34,17,27.42,448.75,449.02,0.95
34769211336,6074f7ac7850edb4fa2596c47e73cd01b9fcd403,,2026-09-13T16:38:52Z,2026-09-07,34769211154,action_required,,,action_required,,0.0,0,0,0,0.0,0,0,0.0
34770764851,7d6f3db8225e54e4835e3cac2019f18b1489168e,,2026-09-13T17:10:07Z,2026-09-07,34770764695,cancelled,34770889787,,cancelled,,2.37,34,34,17,2.02,66.0,66.22,0.0
34770871759,7d6f3db8225e54e4835e3cac2019f18b1489168e,,2026-09-13T17:10:07Z,2026-09-07,34770764695,cancelled,34772308417,,success,,28.4,34,34,17,27.82,452.28,452.45,0.75
34772005128,6279ee005fe17de74567bd6d44a92ae7de754e6a,,2026-09-13T17:34:33Z,2026-09-07,34772004935,failure,34772664692,,failure,,13.15,34,34,17,12.82,337.44,337.64,0.57
34775315041,a35ddb62f3e6932efa0620c096e8577a2de6463e,,2026-09-13T18:39:42Z,2026-09-07,34775314971,success,34776188812,,failure,,17.4,34,34,17,17.02,408.55,408.78,0.28
34777344217,95f491c49ea67ff3373cf9fe61ce85af696a3afc,,2026-09-13T19:19:33Z,2026-09-07,34777343912,success,34778784182,,success,,28.35,34,34,17,28.02,463.03,463.25,0.78
34779413444,95f491c49ea67ff3373cf9fe61ce85af696a3afc,,2026-09-13T19:19:33Z,2026-09-07,34777343912,success,34780837496,,success,,27.05,34,34,17,26.63,465.72,465.94,0.78
34778404592,8643e39c0b065630683b0d127d88a75a5ed56b19,,2026-09-13T19:40:17Z,2026-09-07,34778404474,success,34779800839,,success,,27.48,34,34,17,27.15,467.99,468.21,0.82
34781142147,becd9d1439618b5e1a123a1058824d8b8b65a870,,2026-09-13T20:33:31Z,2026-09-07,34781141954,success,34782532920,,success,,27.77,34,34,17,27.43,477.89,478.11,1.0
34785186402,23572b27f9977d9a5e04842d2d73077ba0b27f20,,2026-09-13T21:54:12Z,2026-09-07,34785186255,failure,34786631546,,success,,28.88,34,34,17,28.5,470.42,470.65,0.9
34785352238,bccad44736b5bb515e0d04e623d82e53dd2b4147,,2026-09-13T21:57:50Z,2026-09-07,34785352169,success,34786878953,,success,,30.18,34,34,17,28.1,467.76,467.99,1.07
34786694065,6a1ed27f4153d45f1eaed28a7a5fe981f7b89e86,,2026-09-13T22:24:24Z,2026-09-07,34786693822,success,34788076650,,success,,28.45,34,34,17,28.1,478.0,478.23,0.86
34787615444,a6186a1b15fe0b303f9c53fbeeeb544cb640a2f6,,2026-09-13T22:43:04Z,2026-09-07,34787615354,success,34788803813,,success,,24.83,34,34,17,24.15,477.45,477.82,1.12
34793514818,313e0cdbaeafc13a6ec5e222e231d19582a14437,,2026-09-14T00:42:02Z,2026-09-14,34793514666,success,34795071308,,success,,28.73,34,34,17,28.42,466.15,466.35,0.78
34794364448,ba8c56c7db830da30ed94a18d61c1e06eba8d056,,2026-09-14T00:58:20Z,2026-09-14,34794364312,cancelled,34794574733,,failure,,3.83,34,34,17,3.43,108.16,108.41,0.33
34795689767,783375b18d8e45cf8dd270def141355385812cc9,,2026-09-14T01:22:08Z,2026-09-14,34795689659,success,34795903564,,failure,,3.92,34,34,17,3.53,112.23,112.45,0.28
34796125416,3e3c81e552af7b11a1ffb42416b3f3570cdec965,,2026-09-14T01:30:17Z,2026-09-14,34796125235,success,34797586016,,success,,27.22,34,34,17,26.27,450.4,450.63,1.01
34796955677,4306a29d8e3296c92e49a51c51646edd879ed4cf,,2026-09-14T01:45:34Z,2026-09-14,34796955569,success,34798060774,,failure,,20.5,34,34,17,20.05,428.91,429.14,0.53
34797355751,42770e988df9ab7a511bf5083ae91fc9ba50c032,,2026-09-14T01:53:16Z,2026-09-14,34797355604,success,34799093088,,success,,30.98,34,34,17,26.72,474.09,474.32,0.78
34797439015,c920dc13d1c05de83f23643694857694154bd885,,2026-09-14T01:54:52Z,2026-09-14,34797438839,success,34799636018,,success,,39.1,34,34,17,27.9,455.37,455.62,1.05
34799094291,ab70290b4564d40e2291cf98dfda9f616599bc1d,,2026-09-14T02:24:19Z,2026-09-14,34799094136,success,34800647595,,success,,27.95,34,34,17,27.55,455.8,456.07,0.97
34799476386,66ccafc2fdeaab5e11480ef053ff7f1750917ae4,,2026-09-14T02:31:04Z,2026-09-14,34799476219,success,34800969308,,success,,27.08,34,34,17,26.68,482.21,482.48,1.0
34800466383,b16c0252855d76a2f9f334ca6e34f1760e428787,,2026-09-14T02:49:00Z,2026-09-14,34800466024,success,34802119222,,success,,28.7,34,34,17,28.3,471.52,471.77,1.08
34803516439,43a006afd409388c764a4d53751d7dd2c29ad01c,,2026-09-14T03:42:33Z,2026-09-14,34803516252,success,34805088713,,success,,28.35,34,34,17,27.98,473.86,474.09,0.86
34804747833,bd869a02704f68e9ef68c30e016b1f466ed06039,,2026-09-14T04:04:54Z,2026-09-14,34804747774,success,34806825973,,success,,33.92,34,34,17,27.83,491.07,491.3,0.95
34804923014,1e77693ff58ebee126686734c606a8ba124284bc,,2026-09-14T04:07:59Z,2026-09-14,34804922860,success,34807138337,,success,,36.23,34,34,17,28.85,474.07,474.32,1.2
34806349722,ffffc5246879c5cddd4134175ee2fbc720054624,,2026-09-14T04:31:06Z,2026-09-14,34806349412,success,34808040124,,success,,29.12,34,34,17,27.9,454.92,455.15,0.98
34808523977,c6b7182a887cb48b6ddc62e3bfcee9bd4445109e,,2026-09-14T05:08:25Z,2026-09-14,34808523799,success,34810060272,,success,,24.93,34,34,17,24.57,469.64,469.89,1.12
34809763704,dce6865271edbd27f4a59ff944bc3a22c0868490,,2026-09-14T05:28:29Z,2026-09-14,34809763403,cancelled,34809794374,,cancelled,,0.43,34,34,17,0.12,3.14,3.34,0.0
34809786872,dce6865271edbd27f4a59ff944bc3a22c0868490,,2026-09-14T05:28:29Z,2026-09-14,34809763403,cancelled,34811468085,,success,,27.97,34,34,17,27.62,450.32,450.5,0.96
34811607051,372cb80d198741e582a76f68218218c643e2599c,,2026-09-14T05:59:20Z,2026-09-14,34811606879,success,34813391894,,cancelled,,25.75,34,34,17,25.15,455.69,455.92,0.0
34813361781,9d2f11d874c6ce2c1ff8b8942dd644d92be14fdd,,2026-09-14T06:24:46Z,2026-09-14,34813361757,success,34815086246,,success,,24.85,34,34,17,24.08,448.31,448.63,1.04
34814375091,924a8cd63e4470e7e0eb14444464ffbdae828149,,2026-09-14T06:39:19Z,2026-09-14,34814374884,cancelled,34814889401,,cancelled,,7.4,34,34,17,7.0,196.98,197.25,0.0
34814468913,e12706e79ca6602c1c2ca6c54e642edcc8e2b8b7,,2026-09-14T06:40:42Z,2026-09-14,34814468774,success,34816782006,,success,,31.8,34,34,17,26.38,460.87,461.09,0.96
34814865845,5708ef4012b7e7d2e00097d2c1b5a1ee57559ba5,,2026-09-14T06:46:23Z,2026-09-14,34814865661,success,34817014684,,success,,29.0,34,34,17,26.52,473.82,474.09,1.02
34815183241,196e0285c16d47124fd8f8adc6fbff0052be8aba,,2026-09-14T06:51:02Z,2026-09-14,34815183014,success,34817981800,,success,,36.88,34,34,17,26.52,458.16,458.43,0.96
34819006627,af3f6390434bba9d0ec76542feba469e1d065e9e,,2026-09-14T07:41:14Z,2026-09-14,34819006848,success,34821071278,,success,,25.78,34,34,17,25.35,461.98,462.23,0.8
34819061658,ca1f98c823175a904a71f4565addb916a0f64a11,,2026-09-14T07:41:58Z,2026-09-14,34819061450,success,34821926698,,success,,34.92,34,34,17,26.05,476.33,476.53,1.13
34819386826,fdba33115581857f9510d14f501ffa0d3e4e7205,,2026-09-14T07:46:03Z,2026-09-14,34819386794,success,34822551099,,success,,38.35,34,34,17,26.12,462.89,463.19,1.07
34822176957,356298ebbb5f60ad93a96a849046ada24990dd34,,2026-09-14T08:19:57Z,2026-09-14,34822176699,success,34823992324,,failure,,21.38,34,34,17,20.95,428.83,429.08,0.45
34822386911,37d4f6643ebb1de6169b5a75f69e0f51d57a0288,,2026-09-14T08:22:27Z,2026-09-14,34822386570,success,34825896080,,success,,41.18,34,34,17,26.37,473.06,473.29,0.97
34825699169,2960fb2a9c17047f3b423157442b46cfe883a450,,2026-09-14T09:01:21Z,2026-09-14,34825698865,success,34828214343,,success,,27.8,34,34,17,27.4,451.74,451.99,0.93
34826326996,f2eb728cfa86d724c9711ea8d7c3dfaec3dbb0ef,,2026-09-14T09:08:29Z,2026-09-14,34826326787,success,34830199996,,success,,43.47,34,34,17,27.95,467.56,467.81,1.06
34826358089,50b93d80779f2404fe22cb7e95a6809bf77ddb1c,,2026-09-14T09:08:50Z,2026-09-14,34826358031,failure,34829985709,,success,,40.6,34,34,17,24.52,453.57,453.89,1.1
34827109549,a8ef76c154dafe466979edbacd08e93037a2dfc0,,2026-09-14T09:17:15Z,2026-09-14,34827109145,cancelled,34828791837,,cancelled,,18.17,34,34,17,16.37,320.15,320.4,0.0
34827196520,2bfeee64b09b50fe5ca2a2c8df254d140ca78a06,,2026-09-14T09:18:13Z,2026-09-14,34827196180,success,34831730697,,success,,51.2,34,34,17,27.22,444.15,444.42,1.19
34827204538,e718f3a2a8a9f73d4b9b82ebb23b9d1494ed3f83,,2026-09-14T09:18:19Z,2026-09-14,34827204250,success,34831923491,,success,,53.22,34,34,17,25.23,464.62,464.84,1.11
34827349839,3ed0de3608d5fc9a5a9a0e5e5318dd67f9c9e0d8,,2026-09-14T09:19:53Z,2026-09-14,34827349780,cancelled,34833188187,,success,,66.6,34,34,17,26.1,470.04,470.29,1.08
34827452329,ae630878cae21572d38e1379dc7c9f1b8f28f58d,,2026-09-14T09:20:57Z,2026-09-14,34827451872,failure,34833821112,,success,,73.12,34,34,17,24.67,446.85,447.13,1.04
34827560075,a4e5c3a2bce596ea6a00861c42bc4d732dd2d848,,2026-09-14T09:22:06Z,2026-09-14,34827559815,success,34834286606,,success,,77.6,34,34,17,27.22,469.55,469.82,1.08
34828731303,d69ee705d2ba0caf8fae353a2f10f4bdb1ab64fb,,2026-09-14T09:34:47Z,2026-09-14,34828730982,cancelled,34828775166,,cancelled,,0.45,1,0,1,0.0,0,0.43,0.0
34828769504,d69ee705d2ba0caf8fae353a2f10f4bdb1ab64fb,,2026-09-14T09:34:47Z,2026-09-14,34828730982,cancelled,34835187144,,success,,75.52,34,34,17,24.55,471.56,471.79,1.01
34828758356,60ebc02ec7810ac9f1c3cf7350f6d8ccd3471dbb,,2026-09-14T09:35:06Z,2026-09-14,34828758007,success,34835946201,,success,,85.0,34,34,17,28.15,470.86,471.09,0.97
34830051534,5fcb6806624bed5ea013fdebd33ad666ce7ae4d3,,2026-09-14T09:50:14Z,2026-09-14,34830051277,failure,34836547421,,success,,76.87,34,34,17,26.85,451.97,452.22,0.95
34830052858,16628b62c5275da67be49fbaa82197d57e24cb45,,2026-09-14T09:50:15Z,2026-09-14,34830052461,failure,34837341477,,success,,85.77,34,34,17,26.85,480.47,480.72,1.04
34830259782,77df9ad269a9be2192bdfeec2d58ae47e4b51f08,,2026-09-14T09:52:41Z,2026-09-14,34830259600,success,34837927102,,success,,90.37,34,34,17,24.73,473.6,473.78,1.14
34830605386,ca6cf5dd5cdc03fe6d5dcee29bcc9c8432722039,,2026-09-14T09:56:39Z,2026-09-14,34830605128,cancelled,34834033653,,cancelled,,39.93,34,34,17,16.48,559.39,559.67,0.0
34832472136,b60b972632f5d648a6eccd585ac576c38f9ac10d,,2026-09-14T10:17:57Z,2026-09-14,34832471857,failure,34839643752,,success,,85.42,34,34,17,28.35,474.69,474.92,1.03
34833221845,37920ae77a4aa879ec31f07937022ffc620c9317,,2026-09-14T10:26:54Z,2026-09-14,,,34840500316,,success,,86.7,34,34,17,27.58,469.98,470.21,1.15
34834025046,8d4518418ae4f8c4c28f3c05bc1b28e1532cc3af,,2026-09-14T10:36:31Z,2026-09-14,34834024899,failure,34842236726,,success,,96.77,34,34,17,28.25,475.29,475.54,0.98
34835980967,51114837d37b4dd1f93d38e2a925fb132dd79b2f,,2026-09-14T11:00:31Z,2026-09-14,34835980694,cancelled,34839319423,,cancelled,,39.03,34,34,17,20.72,703.52,703.77,0.0
34838222199,ec74d6b7ab2e64696959c57c83fac335533b0b26,,2026-09-14T11:26:33Z,2026-09-14,34838222063,failure,34840703655,,failure,,29.45,34,34,17,10.55,170.96,171.24,0.57
34838579432,be6707d51a7317fc60719ab948ecc4ac541c9f5d,,2026-09-14T11:30:46Z,2026-09-14,34838579181,failure,34842534281,,failure,,45.68,34,34,17,24.45,450.73,451.0,0.5
34839310296,93c4817f8c4c00e2821215b540082751bfde8102,,2026-09-14T11:39:28Z,2026-09-14,34839310201,failure,34843663801,,success,,49.53,34,34,17,27.23,474.84,475.06,1.03
34843378164,0ce20b96889bd9bd107b4dcf75673cdcdcce5438,,2026-09-14T12:25:51Z,2026-09-14,,,34845964330,,success,,28.03,34,34,17,26.95,465.28,465.61,0.92
34844845829,254656821191648934f8ab9dd631de796815a03d,,2026-09-14T12:41:56Z,2026-09-14,34844844957,success,34847609859,,success,,28.63,34,34,17,28.03,443.36,443.66,0.94
34845248518,4224e981516aff85222efe1990dc830cbcf143fc,,2026-09-14T12:46:11Z,2026-09-14,34845248255,failure,34848309710,,success,,31.05,34,34,17,24.92,466.64,466.86,0.97
34845553490,4ec617635f162ec48e8b4300e0c39eff5d7d30ab,,2026-09-14T12:49:33Z,2026-09-14,34845553186,failure,34849907292,,success,,43.25,34,34,17,28.07,475.37,475.62,0.95
34845556961,fb360e21f55207f43b7dac19325520b1607a52e5,,2026-09-14T12:49:35Z,2026-09-14,34845556777,failure,34847996980,,failure,,24.67,34,34,17,22.38,301.18,301.45,0.38
34845954955,3c538ac440b0c5300d2426aa6327a8c1878b29e0,,2026-09-14T12:53:49Z,2026-09-14,34845954657,failure,34850796357,,success,,47.6,34,34,17,27.35,468.73,468.98,0.97
34849054837,cd1dd7afe262ff4360e2d2937cc109af35d20b0b,,2026-09-14T13:24:32Z,2026-09-14,34849054531,failure,34851895443,,failure,,27.32,34,34,17,23.82,435.96,436.24,0.53
34850308629,d679246e59e07069faab5d2b3199767a98f3692b,,2026-09-14T13:36:42Z,2026-09-14,34850308344,success,34854071751,,success,,35.5,34,34,17,24.97,479.24,479.39,1.15
34850778668,90dfca45d8914ba165a731a1e643afd205b98683,,2026-09-14T13:41:16Z,2026-09-14,34850777970,success,34851573783,,failure,,7.5,34,34,17,5.27,141.03,141.28,0.33
34853732526,90f2f7bc8551b7ae3c60f1e1ae78621eb41ac90f,,2026-09-14T14:09:08Z,2026-09-14,34853732336,success,34856517019,,success,,25.62,34,34,17,25.1,466.81,467.08,0.85
34857792672,90f2f7bc8551b7ae3c60f1e1ae78621eb41ac90f,,2026-09-14T14:09:08Z,2026-09-14,34853732336,success,34862666677,,success,,44.7,34,34,17,25.55,467.67,467.92,1.28
34857685432,3b9c9f81ba38f06bb6f7cb17d84f816779918acf,,2026-09-14T14:45:21Z,2026-09-14,34857685196,failure,34861212588,,success,,32.3,34,34,17,27.18,442.84,443.06,0.88
34858817808,6efff63762c7e4219546c94126232d7fd3be6cef,,2026-09-14T14:55:53Z,2026-09-14,34858817316,cancelled,34862099296,,cancelled,,29.97,34,34,17,24.77,348.54,348.79,0.0
34858943623,230cb381b52501a77a54bbb516b4e009099f81f6,,2026-09-14T14:57:03Z,2026-09-14,34858943035,cancelled,34860029607,,cancelled,,9.83,34,34,17,5.37,172.48,172.75,0.0
34859866273,312a02024a666332de9f566bfd0d1bec0360d9f7,,2026-09-14T15:05:29Z,2026-09-14,34859866030,success,34863349118,,failure,,31.65,34,34,17,19.05,391.68,391.9,0.33
34861825372,ecdd7416d8dba2e381694fb1bcb89da1a2f48344,,2026-09-14T15:23:26Z,2026-09-14,34861825195,success,34864985898,,success,,28.78,34,34,17,24.65,481.3,481.48,0.8
34862019992,51ab4f58651d101c1e8bdb6cef4803df79a9965c,,2026-09-14T15:25:12Z,2026-09-14,34862019802,failure,34866207346,,failure,,38.35,34,34,17,24.85,474.37,474.64,0.58
34862676404,7794ba3faa5d62979dc90d5f6352abc186895a04,,2026-09-14T15:31:09Z,2026-09-14,34862676017,success,34866497544,,failure,,35.2,34,34,17,22.57,418.42,418.69,0.72
34863894301,87649c424298f825190d1ce791d7facb2cebb398,,2026-09-14T15:42:09Z,2026-09-14,34863888187,success,34868306524,,success,,41.18,34,34,17,28.02,465.65,465.95,1.0
34866350623,278fe3482acda87fc2b6e827c34ce3c3e6b4f8cc,,2026-09-14T16:05:03Z,2026-09-14,34866350303,failure,34868862051,,failure,,23.7,34,34,17,21.38,435.69,435.89,0.53
34866720937,472cefe70db758e3452ecb2e023f6b8ac885517b,,2026-09-14T16:08:26Z,2026-09-14,34866720396,success,34870105540,,failure,,32.45,34,34,17,25.53,448.93,449.25,0.78
34866977289,c410f4823cbb5ac5218357adcb67089475cd46e8,,2026-09-14T16:10:48Z,2026-09-14,34866976719,cancelled,34868042747,,cancelled,,10.1,34,34,17,1.58,53.31,53.56,0.0
34867190650,3f30fe72b0b385fe048ec8341376ceeddc7951dd,,2026-09-14T16:12:52Z,2026-09-14,34867190284,failure,34871403424,,failure,,40.73,34,34,17,23.12,418.26,418.51,0.57
34867610539,be1f0b56331a314d3a1aca468bbc0b5724d70105,,2026-09-14T16:16:56Z,2026-09-14,34867610186,failure,34872555611,,failure,,48.02,34,34,17,23.4,448.25,448.5,0.58
34868029641,1670329fb52ef0bd8d2f7e6692ff89d01449f2e4,,2026-09-14T16:20:49Z,2026-09-14,34868028487,failure,34873516051,,failure,,53.42,34,34,17,24.1,444.77,445.02,0.58
34868192578,6e4bb9295ada8f97756df5f5db7b20b207991bb4,,2026-09-14T16:22:21Z,2026-09-14,34868192011,failure,34874920160,,failure,,65.67,34,34,17,27.83,477.21,477.46,0.6
34868760937,17ce17133c7f6b02b67cfc7407130a5d61038136,,2026-09-14T16:27:48Z,2026-09-14,34868760757,cancelled,34872799251,,cancelled,,39.47,34,34,17,24.6,551.99,552.21,0.0
34869523227,e894b9fd1008f3aa3f01ebaf15dad86ab00168ca,,2026-09-14T16:35:10Z,2026-09-14,34869522956,success,34875755764,,failure,,61.02,34,34,17,26.6,473.69,473.96,0.65
34871559537,71a01adb4e73bf94a311d1f68f5be1d74a4cba00,,2026-09-14T16:55:10Z,2026-09-14,34871559292,cancelled,34877048607,,failure,,54.12,34,34,17,22.78,417.97,418.27,1.02
34871856898,5c9b7b236aa388e50aea67a00c02517ef50462f8,,2026-09-14T16:58:09Z,2026-09-14,34871856355,failure,34877824480,,failure,,58.9,34,34,17,22.97,442.8,443.03,0.63
34872633293,949e694a30bcddde56a0bd0daf582b8adfcaafbf,,2026-09-14T17:05:43Z,2026-09-14,34872633010,failure,34879999321,,failure,,72.75,34,34,17,21.58,384.05,384.25,0.57
34873847065,e420b33dcc042796df37f97295918baf47cd9ef8,,2026-09-14T17:17:27Z,2026-09-14,34873846533,success,34882236713,,failure,,83.0,34,34,17,24.77,449.73,450.01,0.32
34876031722,ad4533c73cca0d19ec652bfde9ea9adf0d1519c6,,2026-09-14T17:39:00Z,2026-09-14,34876031280,success,34881907277,,cancelled,,58.17,34,34,17,14.05,302.83,303.1,0.0
34876773206,1ee2d6b8289e2f08be42dc7893c3342c39d57be0,,2026-09-14T17:46:29Z,2026-09-14,34876773091,success,34884157946,failure,failure,136.68,73.02,34,34,17,25.1,480.33,480.81,0.72
34877883871,a43870373e20211d97936281d88248cff0671a0c,,2026-09-14T17:57:42Z,2026-09-14,34877883586,success,34884268188,failure,failure,128.2,62.88,34,34,17,24.4,442.48,442.68,0.68
34878655200,8e639407578bd9fd09964c9685dfa0a7bc894f1d,,2026-09-14T18:05:13Z,2026-09-14,34878654777,failure,34885224023,failure,failure,131.47,64.7,34,34,17,22.2,421.69,421.89,0.67
34879605073,11d6be8c055a85e4cf2ca00cb35a3c3427938723,,2026-09-14T18:14:38Z,2026-09-14,34879604753,failure,34886054198,failure,failure,123.42,63.47,34,34,17,22.8,428.04,428.29,0.57
34880908706,4e612aae52bfb7a58ca10ae816d80f593b09a0ae,,2026-09-14T18:27:25Z,2026-09-14,34880908154,success,34887514743,failure,failure,111.92,65.03,34,34,17,24.08,444.85,445.0,0.58
34881756276,d2231862a9987d3548de63cbf2e0db2234a20448,,2026-09-14T18:35:45Z,2026-09-14,34881755895,cancelled,34882170516,,cancelled,,4.05,1,0,1,0.0,0,2.62,0.0
34882164424,d2231862a9987d3548de63cbf2e0db2234a20448,,2026-09-14T18:35:45Z,2026-09-14,34881755895,cancelled,34888559398,success,success,124.37,63.07,34,34,17,26.18,446.16,446.43,1.58
34882342769,ca7fcc50060ea3132706903cfa36f9082c3da092,,2026-09-14T18:41:31Z,2026-09-14,34882342112,cancelled,34882808575,success,cancelled,23.22,4.47,1,0,1,0.0,0,4.43,0.03
34882363954,4a121f9132d758355ac7bb8d1beddf2e7ee6a6bf,,2026-09-14T18:41:44Z,2026-09-14,34882363871,success,34889608617,failure,failure,108.32,71.58,36,36,19,25.82,454.71,454.94,0.7
34882474443,4f1629cc25c4de248a971dd064a02fa723556181,,2026-09-14T18:42:50Z,2026-09-14,34882473996,cancelled,34883350821,success,cancelled,29.47,8.52,1,0,1,0.0,0,8.5,0.07
34882802174,e2827290acff9bba6188e5ab60f2598846a65525,,2026-09-14T18:45:58Z,2026-09-14,34882801809,cancelled,34882954601,success,cancelled,37.37,1.45,1,0,1,0.0,0,1.4,0.05
34882945191,e2827290acff9bba6188e5ab60f2598846a65525,,2026-09-14T18:45:58Z,2026-09-14,34882801809,cancelled,34891994063,success,success,135.62,89.87,36,36,19,25.15,483.85,484.13,1.82
34882921857,fc78d2170ba4f5ce109621748a2015d1fc7e1a6b,,2026-09-14T18:47:08Z,2026-09-14,34882921148,success,34890563347,failure,failure,110.78,75.97,36,36,19,25.35,476.53,477.0,1.5
34883039464,902a71bf3c6255f635c7817a34424a363a872bb9,,2026-09-14T18:48:18Z,2026-09-14,34883039208,success,34892396309,failure,failure,135.67,92.9,36,36,19,28.37,486.73,486.96,2.36
34883343874,f66328a502ff345d737c2774f6dbd5bbb360a215,,2026-09-14T18:51:20Z,2026-09-14,34883343497,cancelled,34891070697,success,cancelled,86.88,76.77,36,36,19,52.45,1645.99,1646.26,0.05
34884323630,ae62815bc48a82b2b835cb08c736b72a4daa7887,,2026-09-14T19:01:06Z,2026-09-14,34884323174,cancelled,34889115837,success,cancelled,74.55,47.25,36,36,19,29.28,1053.1,1053.38,0.07
34887118587,ddd25ed396579e7f0d130b69506d9667c543d7e3,,2026-09-14T19:28:37Z,2026-09-14,34887118205,failure,34894874897,failure,failure,98.47,77.2,36,36,19,26.63,486.19,486.41,0.65
34889104892,67f7d0fb1ccc338a37b69c5b82ec69017da3468d,,2026-09-14T19:48:16Z,2026-09-14,34889104100,failure,34894693731,failure,failure,76.6,55.75,36,36,19,20.32,397.39,397.64,0.64
34889315596,4605e5bedd47c745284d38ab90d483983022b65c,,2026-09-14T19:50:24Z,2026-09-14,34889315419,success,34893741802,failure,failure,71.07,43.97,36,36,19,16.52,463.33,463.55,0.57
34890309864,aa3503f48c8d1d882bd538712220887b0b0e0583,,2026-09-14T20:00:37Z,2026-09-14,34890309334,success,34894116213,failure,failure,62.5,37.48,36,36,19,19.53,413.97,414.22,0.77
34890375204,0dbe111f6015431a93fb593ba8b6f81442a42bfa,,2026-09-14T20:01:13Z,2026-09-14,34890374700,cancelled,34891093662,success,cancelled,17.38,7.07,1,0,1,0.0,0,7.0,0.07
34890553602,c17cbc89d686213d00fc64a04838d35b106dcea3,,2026-09-14T20:03:02Z,2026-09-14,34890553180,cancelled,34892831816,success,cancelled,40.78,22.45,36,36,19,7.17,256.87,257.07,0.05
34891083901,5c67bc88e4c666f2f5908679973ba6409e24ce1e,,2026-09-14T20:08:15Z,2026-09-14,34891083222,success,34896864582,failure,failure,69.63,58.0,36,36,19,26.57,496.05,496.28,0.62
34892193705,46912a882b3d8f4e2fe670e2b20e35516a53a0d6,,2026-09-14T20:19:15Z,2026-09-14,34892193379,failure,34897664046,success,success,64.23,55.18,36,36,19,27.67,465.38,465.66,4.45
34892292078,78de0a818d31e85817d7f527497fb556db92aa87,,2026-09-14T20:20:14Z,2026-09-14,34892291418,failure,35426135373,failure,failure,6355.8,6355.63,0,0,0,0.0,0,0,0.05
34892355809,c512a335448c802e0771f8457a614e3a08f3374e,,2026-09-14T20:20:49Z,2026-09-14,34892355666,success,34895301748,failure,failure,50.63,29.45,36,36,19,8.1,221.16,221.46,0.7
34892820720,c188dec0530980c1523bd27456867c110993a733,,2026-09-14T20:25:25Z,2026-09-14,34892820261,success,34896650109,failure,failure,51.48,38.68,36,36,19,18.88,209.96,210.11,0.72
34894471686,5553070fc70aedf6c600b9bbe9efb518448d8933,,2026-09-14T20:41:46Z,2026-09-14,34894471235,cancelled,34895680513,success,cancelled,22.65,12.38,36,36,19,4.38,157.11,157.38,0.03
34894756110,1443fa3c6b28420f1876ae365618a44a3e064c96,,2026-09-14T20:44:42Z,2026-09-14,34894755814,failure,34897314801,failure,failure,43.28,26.1,36,36,19,5.3,157.16,157.44,0.62
34895201074,e14398f763c2f50e83df79e6c7f0b63fb7247eeb,,2026-09-14T20:49:15Z,2026-09-14,34895200493,success,34897476596,failure,failure,31.62,23.22,36,36,19,5.28,91.82,92.09,0.56
34895529517,e859434cfd1aed2c7b6090d41abe56bd1a1a1219,,2026-09-14T20:52:37Z,2026-09-14,34895529001,failure,34897790275,failure,failure,43.33,23.08,36,36,19,10.05,130.4,130.57,0.62
34895668257,0b616b6b0455f1084804a6198532f226cfbd6a3f,,2026-09-14T20:54:04Z,2026-09-14,34895667408,failure,34897959445,failure,failure,44.67,23.33,36,36,19,11.15,168.69,168.91,0.38
34895918463,a3a3f909a70e7cd1d614b021243123b4dfdd2c8d,,2026-09-14T20:56:42Z,2026-09-14,34895918181,failure,34898354553,failure,failure,42.25,24.8,36,36,19,7.77,171.66,171.86,0.36
34897316828,57b63c97251e2c229689bff1ff1d0e70bafd261e,,2026-09-14T21:10:51Z,2026-09-14,34897316472,failure,34898583154,failure,failure,34.65,13.08,36,36,19,4.03,113.37,113.52,0.45
34897385384,d543b5e0c6ddf3918ba3f9f1c010b837aae3e41b,,2026-09-14T21:11:33Z,2026-09-14,34897385004,cancelled,34897847212,success,cancelled,7.02,4.7,1,0,1,0.0,0,4.68,0.03
34897841096,d543b5e0c6ddf3918ba3f9f1c010b837aae3e41b,,2026-09-14T21:11:33Z,2026-09-14,34897385004,cancelled,34898781640,failure,failure,14.93,9.77,36,36,19,4.03,91.71,91.91,0.33
34898828259,47688f8820082284f81b8bc96d96ee7e9fad80bc,,2026-09-14T21:26:31Z,2026-09-14,34898825654,failure,34899247485,failure,failure,24.67,4.5,36,36,19,4.05,131.02,131.32,0.6
34899668715,2fa29e1251bb183e23601f27870dfe33d9a3173e,,2026-09-14T21:35:34Z,2026-09-14,34899668486,success,34900074361,failure,failure,5.22,4.48,36,36,19,4.07,133.1,133.38,0.57
34903060766,0dd8a5b728acd2a02bb87d671f2b2093ab9bb18d,,2026-09-14T22:14:02Z,2026-09-14,34903059605,success,34903472698,failure,failure,5.57,4.78,36,36,19,4.05,131.87,132.29,0.62
34903384166,56e3fe3be442232db5a7ea727ae2bd0518a3be95,,2026-09-14T22:17:48Z,2026-09-14,34903383873,success,34903782488,failure,failure,6.18,4.68,36,36,19,4.05,132.23,132.45,0.72
34905224034,4b08bc0c59fad9717237a11d8980855459ff293e,,2026-09-14T22:39:57Z,2026-09-14,34905222688,success,34907031981,failure,failure,24.0,23.17,36,36,19,22.8,456.07,456.3,0.67
34906707018,db0cdd3ecb46b3d09f01ec02b7c71ca779970829,,2026-09-14T22:59:04Z,2026-09-14,34906706749,success,34908454863,failure,failure,22.82,21.98,36,36,19,21.6,456.78,457.03,0.7
34907805993,97d26ea468ee2c82b9306e84a0a582ca9ecd1e54,,2026-09-14T23:12:59Z,2026-09-14,34907805597,failure,34908175203,failure,failure,25.5,4.47,36,36,19,4.05,102.01,102.26,0.63
34909037137,95a312020d906e1e30bb78df0a2288431f6d5395,,2026-09-14T23:28:38Z,2026-09-14,34909036906,failure,34909368160,failure,failure,24.4,4.4,36,36,19,4.05,111.07,111.29,0.67
34909100694,7b82e69e9ac31d6142bf432ef68764ca7cdc1ffc,,2026-09-14T23:29:29Z,2026-09-14,34909100009,success,34911165795,success,success,30.22,28.47,36,36,19,25.95,469.25,469.47,5.42
34911646190,538322bbd19f2299565a037fbe90f73e8593aef7,,2026-09-15T00:04:40Z,2026-09-14,34911645974,failure,34911909751,failure,failure,23.88,3.58,36,36,19,3.2,110.24,110.47,0.58
34912297120,5c6107979da5ce93e48aace1b648790723a0a869,,2026-09-15T00:13:40Z,2026-09-14,34912296759,success,34915438777,success,success,79.82,45.9,36,36,19,25.68,459.7,459.95,5.55
34912297209,083fdf060b09e8347f91b2e6538ab11c2f6056f7,,2026-09-15T00:13:41Z,2026-09-14,34912297028,success,34915315728,success,success,79.42,44.03,36,36,19,25.47,467.9,468.07,5.25
34912332724,c2a18244801fe7474230144b4a170bd8b55a457b,,2026-09-15T00:14:07Z,2026-09-14,34912331756,success,34916019553,success,success,83.52,53.63,36,36,19,25.82,475.53,475.78,1.8
34913185802,fe1924c47c9df9fb429c3f9ebcefca37fbe21dfd,,2026-09-15T00:26:24Z,2026-09-14,34913185741,success,34914353670,failure,failure,44.42,17.0,36,36,19,14.63,359.34,359.59,0.68
34913822179,40d0d804eeb5dd3de454c438b15f0b0644c133ec,,2026-09-15T00:35:38Z,2026-09-14,34913822077,success,34916539997,success,success,66.12,39.75,36,36,19,28.07,460.68,460.88,5.3
34914146146,790cf11fc002e6b789bc736a7c3e2c04cfed1b01,,2026-09-15T00:40:26Z,2026-09-14,34914145946,failure,34918442694,failure,success,79.4,63.67,36,36,19,26.97,490.13,490.33,4.82
34914147926,5598adf38de14ec978356912781e67ae617fa170,,2026-09-15T00:40:27Z,2026-09-14,34914147816,failure,34918086801,success,success,76.47,58.2,36,36,19,27.95,485.51,485.74,5.37
34914147482,d8b96b8d6203973e65fe511a54264b84f19d41a5,,2026-09-15T00:40:27Z,2026-09-14,34914147050,failure,34917779053,success,success,71.1,53.58,36,36,19,28.18,473.72,473.95,5.15
34914198523,9e34167f2240a9d072a5acf7392004bc3d7e0fe5,,2026-09-15T00:41:10Z,2026-09-14,34914198410,success,34918675567,success,success,82.57,66.57,36,36,19,27.95,486.27,486.52,4.73
34915689200,d64f50fddd6af17a335b1647dcc4a8992604bd58,,2026-09-15T01:03:07Z,2026-09-14,34915688325,success,34919577070,success,success,80.47,58.48,36,36,19,27.67,470.47,470.7,5.27
34915912115,5e227d30cf7f2d3610ee72c9db5b969d2b766df9,,2026-09-15T01:06:14Z,2026-09-14,34915911869,success,34919939668,success,success,89.12,60.83,36,36,19,27.53,502.19,502.47,5.23
34917638232,8392e82116646511844990016d05be4b91e98f2b,,2026-09-15T01:31:56Z,2026-09-14,34917637895,success,34920373175,success,success,63.53,41.92,36,36,19,27.27,499.67,499.9,5.58
34917844246,773046d8f1ab6744897f944b2c4f57cfc2dbac86,,2026-09-15T01:35:01Z,2026-09-14,34917843942,cancelled,34918473389,success,cancelled,15.18,9.52,36,36,19,3.1,111.16,111.39,0.03
34919601194,395309281da21478c0bc51477ccadba192b883c4,,2026-09-15T02:02:00Z,2026-09-14,34919601053,success,34922278673,success,success,45.68,41.6,36,36,19,27.65,452.46,452.69,5.12
34919664701,f2a24fac31a12496fed96f4ff8acfebb8117e313,,2026-09-15T02:02:59Z,2026-09-14,34919664520,success,34922740660,success,success,50.07,47.93,36,36,19,26.28,474.63,474.9,5.4
34922114730,71a20674d732a118409a1a22b9040d5823d76021,,2026-09-15T02:41:02Z,2026-09-14,34922114624,success,34924014682,success,success,31.92,30.05,36,36,19,27.25,456.21,456.36,4.8
34922926274,06fe4cfd719f36321c508f63c46ee72873187dda,,2026-09-15T02:53:53Z,2026-09-14,34922925967,success,34924959688,success,cancelled,32.3,32.13,36,36,19,30.07,477.16,477.36,0.05
34927566724,497786ac3efb9f78f61c0aecb523111295691888,,2026-09-15T04:07:05Z,2026-09-14,34927566614,cancelled,34928025828,success,cancelled,7.05,6.85,36,36,19,6.42,186.71,186.98,0.05
34927981792,076834c51694f0a3a9e6e68e886c987d70b407d0,,2026-09-15T04:13:16Z,2026-09-14,34927981503,cancelled,34928131903,success,cancelled,2.85,2.2,36,36,19,1.1,32.35,32.55,0.07
34927989621,67016b012a330ed7db7298f76858f7d7ba878c55,,2026-09-15T04:13:24Z,2026-09-14,34927989430,success,34929866118,success,success,30.65,29.13,37,37,20,28.63,476.16,476.41,3.53
34931376493,67016b012a330ed7db7298f76858f7d7ba878c55,,2026-09-15T04:13:24Z,2026-09-14,34927989430,success,34931595411,success,cancelled,56.03,3.33,37,37,20,2.93,106.04,106.29,0.05
34928107499,d06621bfed216805735e51c2fdae1ce2bc401c4d,,2026-09-15T04:15:09Z,2026-09-14,34928107157,cancelled,34928724108,success,cancelled,9.7,9.58,36,36,19,8.52,208.47,208.72,0.05
34928701104,d06621bfed216805735e51c2fdae1ce2bc401c4d,,2026-09-15T04:15:09Z,2026-09-14,34928107157,cancelled,34930472217,success,success,38.2,27.63,36,36,19,27.02,460.89,461.07,3.63
34931571277,44b747e2f122b97c705798776879a171bc97a998,,2026-09-15T05:08:57Z,2026-09-14,34931570891,cancelled,34931712185,success,cancelled,2.25,2.08,37,37,20,1.33,47.13,47.41,0.07
34931685203,7659af90b9bfe8fac46caf66a5fa0e3bf76f50de,,2026-09-15T05:10:41Z,2026-09-14,34931684904,success,34933270200,success,success,24.93,23.45,37,37,20,22.78,448.22,448.42,3.09
34932081324,e81ecd99d0e1cecdb82b6cbb5a2e2582fdbca2d7,,2026-09-15T05:16:30Z,2026-09-14,34932081143,failure,34933897900,success,success,28.45,26.92,36,36,19,26.43,445.38,445.65,3.54
34932404363,c3b2375c0032c54ffd6bb126b427d217608c4d06,,2026-09-15T05:21:26Z,2026-09-14,34932404150,success,34934892036,success,success,38.1,36.68,36,36,19,28.08,473.09,473.32,3.59
34933508905,e509e3a589da387fe1d5ed9d7e5e85de4794611e,,2026-09-15T05:37:40Z,2026-09-14,34933508746,success,34935239607,success,success,26.75,25.35,36,36,19,24.9,456.54,456.84,3.18
34937013032,63df281e97226ad0587daf892a7eaa0626c08a4c,,2026-09-15T06:27:29Z,2026-09-14,34937012917,failure,35322275141,failure,failure,4415.33,4414.03,0,0,0,0.0,0,0,0.67
34937224360,67b9c87a6453bd3df28a232c56a90232bcc0d5cc,,2026-09-15T06:30:17Z,2026-09-14,34937224085,success,34937272996,failure,success,5.03,0.53,1,0,1,0.0,0,0.43,0.52
34937456312,5c962f3682b2f9e35e87b18d6f19f1fa3ddf5c0f,,2026-09-15T06:33:17Z,2026-09-14,34937456183,success,34939716852,success,success,31.0,29.2,36,36,19,28.8,488.37,488.62,3.92
34937884455,3ea421ee3d48b9f0940c68f6f82af8ac4d1db7b1,,2026-09-15T06:38:56Z,2026-09-14,34937884261,failure,34940884953,success,success,39.02,37.62,37,37,20,29.28,454.38,454.61,3.46
34940976746,836da34e51f210d8fbe61cd755545490c86c187f,,2026-09-15T07:17:42Z,2026-09-14,34940976605,success,34943625181,success,success,62.77,31.12,37,37,20,27.67,487.56,487.86,3.36
34942400597,7431bd5cc675809eaa903354b510c00b903546ef,,2026-09-15T07:34:35Z,2026-09-14,34942400210,failure,34945373194,failure,success,53.53,34.25,37,37,20,27.72,481.5,481.75,4.42
34942404964,2440f1a8c13ff6a777dbd889fdae3eaff75a888c,,2026-09-15T07:34:38Z,2026-09-14,34942404641,success,34945623042,success,success,53.37,37.0,37,37,20,28.03,480.82,481.05,2.98
34942661649,fce0e65384e6e277a4a6e06a7a863bee3a6a04fc,,2026-09-15T07:37:36Z,2026-09-14,34942661434,failure,34947058837,success,success,62.42,49.85,37,37,20,27.65,475.24,475.46,3.77
34942835580,c9010b567cbd90f97c75ad1292ca97a91492d054,,2026-09-15T07:39:41Z,2026-09-14,34942835358,success,34947058491,success,success,60.25,47.78,37,37,20,27.35,468.03,468.33,3.42
34943381635,e79d5514bddca7aeb7752a0798b99a6c9becb44b,,2026-09-15T07:45:58Z,2026-09-14,34943381427,cancelled,34946418522,success,cancelled,36.65,34.47,37,37,20,30.95,425.57,425.8,0.05
34943412806,c1631e67efb8b67b641d28e73f0f5279abacbd3c,,2026-09-15T07:46:20Z,2026-09-14,34943412647,failure,34948843861,success,success,62.23,60.5,37,37,20,28.13,482.99,483.27,3.81
34943849625,1a81753aad14942cd8f80731e76798fcdbc6abf4,,2026-09-15T07:51:29Z,2026-09-14,34943849455,success,34949309623,success,success,62.2,60.4,37,37,20,27.6,490.09,490.39,3.88
34944156825,f3a4f98c3ee4ab3cbabc5473844e18ce1181ff08,,2026-09-15T07:55:01Z,2026-09-14,34944156537,success,34947092465,failure,success,43.8,32.83,1,1,1,3.48,3.48,3.89,0.78
34946377418,58314af98d622c2e56e2659f92819160db0da1a8,,2026-09-15T08:20:04Z,2026-09-14,34946377135,success,34949877909,success,success,41.27,38.0,37,37,20,28.0,467.63,467.9,4.07
34946928633,4ca5bbf328d91a33f1d6f1ece0d9f67db4ea69b2,,2026-09-15T08:26:04Z,2026-09-14,34946928162,failure,34950173091,failure,success,36.17,35.05,2,2,1,22.2,40.62,40.98,0.78
34949407500,6b9eb5f966b6c8e1438359854bf0452b564d9be5,,2026-09-15T08:53:00Z,2026-09-14,34949407942,success,34951675144,failure,success,24.6,23.8,5,5,2,23.13,101.43,101.86,0.55
34949856821,02ba8a194661fcf0231def5505c673a991329548,,2026-09-15T08:57:53Z,2026-09-14,34949856518,failure,34952556024,success,success,31.67,29.68,37,37,20,27.0,478.2,478.58,3.81
34949983283,95d76dafad7e912e8b5bd6c511ab36bb979a322a,,2026-09-15T08:59:15Z,2026-09-14,34949983079,success,34950420326,failure,success,6.53,4.53,1,1,1,2.7,2.7,3.07,0.83
34950190011,2d80d2926411ba4c8bc09d9f65d72a228d14740b,,2026-09-15T09:01:22Z,2026-09-14,34950189824,failure,34952336956,failure,success,25.57,22.45,2,2,1,20.62,34.85,35.28,0.72
34950756845,74cdad801f03857173af4c5e687a8fab42616089,,2026-09-15T09:07:23Z,2026-09-14,34950756646,success,34950811362,failure,success,2.4,0.57,1,0,1,0.0,0,0.44,0.23
34951104833,ee2e9f9b853bb6e32c8c8fd215778510f113c6dd,,2026-09-15T09:10:58Z,2026-09-14,34951104541,success,34951671397,failure,success,23.68,5.78,1,1,1,5.27,5.27,5.61,0.67
34951332428,392e81de48d8a02d760be7076732439daddd2ead,,2026-09-15T09:13:18Z,2026-09-14,34951332126,success,34951381518,failure,success,2.53,0.47,1,0,1,0.0,0,0.35,0.28
34951447786,f2b006ef51dbe46f957d6da71eb5c5782d545545,,2026-09-15T09:14:29Z,2026-09-14,34951447360,failure,34953548556,failure,success,24.17,23.2,10,10,4,22.65,165.81,166.18,0.78
34951483609,6ead8cf97c8aeabf77ff51cd7e3fc5260ed53c44,,2026-09-15T09:14:51Z,2026-09-14,34951483134,success,34951626273,failure,success,2.62,1.42,1,0,1,0.0,0,0.47,0.48
34951991394,f94c7f0c7a03c89849e5446c4b1f57b81176d160,,2026-09-15T09:20:12Z,2026-09-14,34951990266,success,34954078243,failure,success,23.9,23.2,10,10,4,22.63,162.77,163.15,0.55
34952607238,e6ffb5826e70f2b67d669758610ceaee1793f08d,,2026-09-15T09:28:00Z,2026-09-14,34952606479,success,34954664051,failure,success,23.43,21.73,2,2,1,21.18,37.6,37.95,0.6
34953484558,196b0547c457706a47cae8734ccba4aa5b90ffe8,,2026-09-15T09:37:02Z,2026-09-14,,,34955529631,failure,success,23.37,22.8,8,8,3,21.7,136.26,136.57,0.4
34953931793,f5518f647e7befe92cafe0e2b0ecad60fd893c3d,,2026-09-15T09:41:53Z,2026-09-14,34953931538,success,34954249307,failure,success,3.98,3.37,1,1,1,2.83,2.83,3.18,0.45
34954096204,2cc622180999c27f28c91bb3ccf9eada75c5c254,,2026-09-15T09:43:38Z,2026-09-14,34954095901,success,34956256982,failure,success,24.68,23.82,15,15,7,22.67,226.18,226.55,0.72
34954493896,135f65551addbfd15fcb679c1779050ca1d513cd,,2026-09-15T09:47:53Z,2026-09-14,34954493761,success,34956863884,failure,success,26.98,26.3,5,5,1,25.75,114.78,115.13,0.5
34955157625,63ffe8fff825a0290949b7a50126bf24bb7044e4,,2026-09-15T09:55:43Z,2026-09-14,34955157635,success,34957351366,failure,success,25.38,23.97,2,2,1,21.2,39.37,39.77,0.47
34955456545,e9b4bcb6ec66c37f36a74666d5ac01bbbf6c00b8,,2026-09-15T09:59:03Z,2026-09-14,34955456233,success,34957328779,failure,success,23.5,20.38,2,2,1,19.83,39.01,39.34,0.65
34955562207,89cee00107e994faee7c9aac35b99d3748914672,,2026-09-15T10:00:11Z,2026-09-14,34955561874,success,34957419820,failure,success,23.85,20.27,2,2,1,19.67,31.0,31.38,0.6
34956042435,de2b2388b978082fb9db2468dddc02c34af47203,,2026-09-15T10:05:14Z,2026-09-14,34956042213,cancelled,34956084762,success,cancelled,1.57,0.43,1,0,1,0.0,0,0.35,0.05
34956079157,de2b2388b978082fb9db2468dddc02c34af47203,,2026-09-15T10:05:14Z,2026-09-14,34956042213,cancelled,34956133727,failure,success,1.57,0.55,1,0,1,0.0,0,0.4,0.23
34958098683,5a60c6782c1c28988dfe74066d7c68c6015fbd82,,2026-09-15T10:28:16Z,2026-09-14,34958098008,cancelled,34958136448,success,cancelled,0.73,0.37,1,0,1,0.0,0,0.3,0.03
34958111567,5a60c6782c1c28988dfe74066d7c68c6015fbd82,,2026-09-15T10:28:16Z,2026-09-14,34958098008,cancelled,34958171784,failure,success,1.13,0.65,1,0,1,0.0,0,0.3,0.2
34959217389,589a1abedb10a536164db30f3f28bfc378aa5b05,,2026-09-15T10:40:38Z,2026-09-14,34959217119,cancelled,34959240373,success,cancelled,0.38,0.2,1,0,1,0.0,0,0.13,0.07
34959228892,589a1abedb10a536164db30f3f28bfc378aa5b05,,2026-09-15T10:40:38Z,2026-09-14,34959217119,cancelled,34961242894,success,cancelled,23.2,22.95,37,37,20,22.45,487.3,487.62,0.03
34959395612,f64fcbc9d74529ed681737b95eecff7df21db6b3,,2026-09-15T10:42:39Z,2026-09-14,34959395607,success,34959462174,failure,success,2.72,0.72,1,0,1,0.0,0,0.39,0.28
34959705723,b20c7e16e68943249259a8ddcdc392af1ef9136f,,2026-09-15T10:46:06Z,2026-09-14,34959705562,success,34960361639,failure,success,22.9,7.37,1,1,1,6.78,6.78,7.18,0.65
34960220233,e8c4620af8a860afb9741bfcbbe7c081b838a146,,2026-09-15T10:51:54Z,2026-09-14,34960219710,cancelled,34960227210,success,cancelled,0.38,0.05,1,0,1,0.0,0,0.02,0.03
34960221566,e8c4620af8a860afb9741bfcbbe7c081b838a146,,2026-09-15T10:51:54Z,2026-09-14,34960219710,cancelled,34961926059,failure,success,19.9,19.33,2,2,1,18.72,34.62,34.99,0.42
34960415814,b6db6920eca95ddd0edf34234a6e375fd363585a,,2026-09-15T10:54:05Z,2026-09-14,34960415587,failure,34960463718,failure,failure,1.02,0.48,1,0,1,0.0,0,0.34,0.29
34961211367,a1ad384a66050dca654c4c4ff61448f02b4da64e,,2026-09-15T11:03:23Z,2026-09-14,34961211195,success,34963198187,failure,success,24.73,22.0,4,4,3,21.1,37.92,38.34,0.65
34962036733,4562edde6f431b17ca98f01ab1414a2e879d16bf,,2026-09-15T11:12:29Z,2026-09-14,34962036384,success,34962077904,failure,success,4.17,0.45,1,0,1,0.0,0,0.32,0.25
34963814463,dd1552abb9e511525bdad863dcfbb1b6f5faa4b5,,2026-09-15T11:32:14Z,2026-09-14,34963814309,success,34963852579,failure,success,6.02,0.42,1,0,1,0.0,0,0.3,0.32
34964161081,75af3b18f3978042f4abb59795ff99e76b0d45c5,,2026-09-15T11:36:05Z,2026-09-14,34964160912,success,34966829798,success,success,31.75,29.0,37,37,20,27.95,480.46,480.87,4.02
34964166479,b722d4e9f9a19439e54eb4a469b16c21e94c30e6,,2026-09-15T11:36:09Z,2026-09-14,34964166275,cancelled,34964195008,success,cancelled,5.22,0.27,1,0,1,0.0,0,0.2,0.03
34964183482,b722d4e9f9a19439e54eb4a469b16c21e94c30e6,,2026-09-15T11:36:09Z,2026-09-14,34964166275,cancelled,34964239780,failure,success,5.22,0.62,1,0,1,0.0,0,0.37,0.27
34965628030,ab082b22a3b46ce888d7b70a691343d0c5270e86,,2026-09-15T11:52:10Z,2026-09-14,34965628051,cancelled,34965673862,success,cancelled,0.92,0.45,1,0,1,0.0,0,0.37,0.07
34965665118,ab082b22a3b46ce888d7b70a691343d0c5270e86,,2026-09-15T11:52:10Z,2026-09-14,34965628051,cancelled,34966039279,failure,success,4.87,4.0,1,1,1,3.42,3.42,3.77,0.32
34965644038,dad2bf7ebe8ca02dae902bfdaea9c5cee01d3758,,2026-09-15T11:52:21Z,2026-09-14,34965643424,success,34965691159,failure,success,2.42,0.45,1,0,1,0.0,0,0.33,0.3
34966159926,08d5609a2588b33a5c5881308aba65929def8d57,,2026-09-15T11:57:58Z,2026-09-14,34966158672,success,34968961452,success,success,31.18,29.5,37,37,20,28.85,498.9,499.3,3.81
34966676751,7604e2eb8808c3fd1276193f37e1322c59a8e78a,,2026-09-15T12:03:30Z,2026-09-14,34966676502,success,34969718326,success,success,33.35,31.63,37,37,20,28.25,482.47,482.85,4.25
34967062822,64dfaa1b15828271bbae1a8acc96ea70fbfad759,,2026-09-15T12:07:34Z,2026-09-14,34967062449,success,34969240020,failure,success,26.4,22.8,2,2,1,19.77,35.19,35.54,0.69
34968133233,68e6a351c036c03e0dcff9e0315b141e4560c3e8,,2026-09-15T12:18:57Z,2026-09-14,34968133048,success,34968185972,failure,success,2.57,0.52,1,0,1,0.0,0,0.37,0.33
34972490124,effeadc2249658a6a02d43008c8bb7e3d2defe1a,,2026-09-15T13:02:30Z,2026-09-14,34972489684,success,34974792274,failure,success,23.8,21.95,2,2,1,21.27,39.77,40.22,0.57
34973772843,001bed725cbe567469b7de5b7a9a3bc9d0e8b11b,,2026-09-15T13:14:53Z,2026-09-14,34973772138,success,34974181409,failure,success,9.5,3.77,1,1,1,3.22,3.22,3.6,0.55
34973848497,2ddfa7a884cf320e5177292abe6efdb569cc270d,,2026-09-15T13:15:34Z,2026-09-14,34973848079,success,34976377643,failure,success,24.37,23.52,11,11,4,22.95,196.95,197.33,0.68
34975615904,8355119255a3bed74a0a11fc58efb05d9423c451,,2026-09-15T13:32:09Z,2026-09-14,34975615618,success,34975741499,failure,success,2.38,1.12,1,0,1,0.0,0,1.0,0.32
34976346752,66f74439f3a370a48b127fee1a81ac9ee079230f,,2026-09-15T13:38:51Z,2026-09-14,34976346234,failure,34978733410,failure,success,23.38,21.67,2,2,1,21.05,39.75,40.15,0.73
34976388483,f97f5a14008d600e7f7180b5a56cd5e0b3853b75,,2026-09-15T13:39:14Z,2026-09-14,34976388205,failure,34976835374,failure,success,5.3,4.02,1,1,1,3.5,3.5,3.83,0.32
34983095130,f97f5a14008d600e7f7180b5a56cd5e0b3853b75,,2026-09-15T13:39:14Z,2026-09-14,34976388205,failure,34983105418,success,cancelled,60.22,0.07,1,0,1,0.0,0,0.03,0.05
34978131452,d02c033940f8d9cf729592183822ffe888dcb1e7,,2026-09-15T13:55:03Z,2026-09-14,34978130945,success,34980590160,failure,success,23.15,22.07,2,2,1,21.5,40.73,41.09,0.68
34979018299,f61651657f7d0d0c0fd221f888f59446fa9b4fe7,,2026-09-15T14:03:05Z,2026-09-14,34979017899,success,34981159984,failure,success,23.88,19.07,2,2,1,18.48,32.45,32.87,0.72
34979361196,3200fd0a611d6aeebd97035da23b21ad1984c5b3,,2026-09-15T14:06:06Z,2026-09-14,34979360835,success,34981784078,failure,success,23.83,21.52,2,2,1,20.92,39.32,39.7,0.83
34979617672,b2e66a790b4f3f4d81392d0b0b5b18d4808e8d80,,2026-09-15T14:08:22Z,2026-09-14,34979617555,success,34982215250,failure,success,23.78,23.0,11,11,4,22.27,189.57,189.93,0.62
34983098643,f12d7fb1cdddde6b67051c29d41fe489a70b11cd,,2026-09-15T14:39:17Z,2026-09-14,34983098339,success,34983565975,failure,success,7.03,4.13,1,1,1,3.5,3.5,3.97,0.42
34993127332,96f829a6733e289f33ce4a4b8767b075d4ba57c4,,2026-09-15T16:08:53Z,2026-09-14,34993126833,success,34995147154,success,success,21.98,18.9,2,2,1,18.28,34.21,34.64,0.88
34997431535,eef40d3bbf17a0eeb539640c7557270ea9b55549,,2026-09-15T16:49:38Z,2026-09-14,34997431364,success,34997608555,failure,success,4.88,1.65,1,0,1,0.0,0,0.4,0.33
35000525218,5367f33d565782349f238e7decc24a5591676a46,,2026-09-15T17:19:19Z,2026-09-14,35000524536,failure,35426135643,failure,failure,5097.47,5096.57,0,0,0,0.0,0,0,0.63
35002373816,53eb151adb6d4ece236c252cf4f593476e83a6aa,,2026-09-15T17:36:58Z,2026-09-14,35002373139,success,35002745613,success,failure,4.73,3.53,1,1,1,2.88,2.88,3.35,3.57
35005115193,4cc2e8ac794c3556da92085fc37c71de22ea1eb2,,2026-09-15T18:03:47Z,2026-09-14,35005114606,failure,35008068061,success,success,29.77,28.17,19,19,8,27.55,313.01,313.43,4.69
35005899917,db0e681f7dafc842f0205a0f0ce2cf1d30a4bb8e,,2026-09-15T18:11:17Z,2026-09-14,35005899602,success,35006309793,success,success,5.15,3.85,1,1,1,3.12,3.12,3.69,1.85
35008573672,b08daaad339fd1834ae7d5561d4d3ed27d60c496,,2026-09-15T18:36:55Z,2026-09-14,35008573086,success,35010817741,success,success,24.22,21.83,12,12,5,21.18,199.35,199.81,3.41
35008654814,9febf793b10b90bef1377d259c2019f5b8b6ff44,,2026-09-15T18:37:44Z,2026-09-14,35008654403,success,35012058631,success,success,46.08,33.03,19,19,8,27.37,317.1,317.47,3.7
35009919107,eb64a48918a7d7c2df2921f5988b877a3f6f3f57,,2026-09-15T18:50:02Z,2026-09-14,35009918962,success,35010412009,success,success,5.85,4.67,1,1,1,3.9,3.9,4.38,3.16
35011034018,6a02efad9d1b7caaf5a018d41b477c840609d14b,,2026-09-15T19:00:48Z,2026-09-14,35011033609,success,35011145916,failure,success,6.55,1.02,1,0,1,0.0,0,0.45,0.25
35011045408,dbf4abd9d1889d0e8296be7c7479d01f93c0e2dc,,2026-09-15T19:00:54Z,2026-09-14,35011044813,success,35014517985,failure,success,35.03,34.33,37,37,20,27.73,477.05,477.58,0.45
35011051188,15e6e3f49e3bbd7446bb6803d54991ecedfda096,,2026-09-15T19:00:58Z,2026-09-14,35011050753,success,35011199006,failure,success,8.92,1.4,1,0,1,0.0,0,0.41,0.25
35011066832,a08e6a96ce4a6e39a623ac98b7c892ef8d4e03e2,,2026-09-15T19:01:07Z,2026-09-14,35011066592,success,35014108286,success,success,32.08,30.03,5,5,1,27.62,117.31,117.78,3.4
35011082406,a22ab700832150d7876deed4f65257bd39816e7e,,2026-09-15T19:01:16Z,2026-09-14,35011082135,success,35013805829,success,success,28.5,26.9,8,8,3,20.62,126.6,127.1,3.31
35011089128,ac7dd5acbb001bceed44eb01ea0efe849f3344f2,,2026-09-15T19:01:20Z,2026-09-14,35011088817,success,35011585968,failure,success,16.05,4.78,1,0,1,0.0,0,0.38,0.28
35011583249,f1cd48e5b779b9fe741b87090b7a5843f101113a,,2026-09-15T19:06:07Z,2026-09-14,35011582700,success,35015167392,success,success,37.2,35.8,12,12,5,22.98,187.8,189.03,1.63
35011919872,205b191b1a21c5a773f55af5d4f0e7698727d9be,,2026-09-15T19:09:27Z,2026-09-14,35011919800,success,35013119818,failure,success,16.0,11.83,1,0,1,0.0,0,0.44,1.32
35013078234,6c54cc1f9280fcf1c3b401c61e8cab9b569a65a9,,2026-09-15T19:20:54Z,2026-09-14,35013077647,success,35015620206,success,success,27.25,25.52,2,2,1,22.35,37.55,38.02,3.31
35014143185,b5fe7b9608462a2711b62ded68a869d12303e87b,,2026-09-15T19:31:32Z,2026-09-14,35014142966,success,35014599174,success,success,5.72,4.53,1,1,1,3.48,3.48,3.88,2.72
35014500739,6dc917b3944daa38cad5bec62a3a665233cb595a,,2026-09-15T19:35:07Z,2026-09-14,35014500642,success,35014561264,failure,success,2.57,0.57,1,0,1,0.0,0,0.38,1.0
35014531898,db6d396e96eb5402534aa1ddc6370918e548fdc9,,2026-09-15T19:35:25Z,2026-09-14,35014531557,success,35014893531,success,success,4.6,3.68,1,1,1,2.93,2.93,3.34,2.49
35014555929,f8d27b6af37d7e3937cebaac3599c4b7fb30468b,,2026-09-15T19:35:40Z,2026-09-14,35014555770,success,35014977043,success,success,5.53,4.32,1,1,1,3.58,3.58,4.01,3.63
35015530385,685040b1e417f81cdc088ef59fedb4a68e483069,,2026-09-15T19:45:32Z,2026-09-14,35015530000,success,35015924952,success,failure,5.62,3.93,2,2,2,3.33,6.15,6.57,3.78
35016164079,0b611e205024a3cc7916d20b94dce210935e3b0f,,2026-09-15T19:51:56Z,2026-09-14,35016163610,success,35016525925,success,success,5.18,3.98,2,2,2,3.42,5.69,6.09,3.35
35016930761,5242ea172077ff5b8819c2c065a68d67682ba0b8,,2026-09-15T19:59:52Z,2026-09-14,35016930332,success,35019477099,success,success,26.43,24.97,12,12,5,24.32,185.18,185.61,3.62
35018090208,032d1b020dc73774409abcec041497cbd6b0662d,,2026-09-15T20:11:19Z,2026-09-14,35018089732,success,35018149807,success,success,2.57,0.53,1,0,1,0.0,0,0.41,0.72
35018207779,1311bbd01bf5a421171139b16cca7f939255dde6,,2026-09-15T20:12:28Z,2026-09-14,35018207194,success,35018264259,success,success,3.57,0.53,1,0,1,0.0,0,0.4,0.64
35018666711,4b5e832e3b3dd46e3dd81098f30d8d0f0ba66e41,,2026-09-15T20:17:15Z,2026-09-14,35018666184,success,35018734736,success,success,2.7,0.62,1,0,1,0.0,0,0.45,0.38
35021083757,0568119ce4d98b4591d17be28640c8b709cc3d0a,,2026-09-15T20:40:33Z,2026-09-14,35021083533,failure,35021478369,success,success,5.85,3.93,1,1,1,3.32,3.32,3.79,1.41
35021233440,619d8f7e131b1ff6fa8ac36a0584cfa09947a6c1,,2026-09-15T20:42:04Z,2026-09-14,35021233165,success,35021293905,success,success,2.63,0.57,1,0,1,0.0,0,0.38,0.58
35021471604,56fb40fe07bd551c37e5f3d5ebeb27247e0d35ea,,2026-09-15T20:44:27Z,2026-09-14,35021471196,success,35023812180,success,success,24.75,23.52,2,2,1,22.27,42.49,42.93,3.62
35021936904,b24d6e96ce27fe4aba5d251abbee019d18311f8d,,2026-09-15T20:49:04Z,2026-09-14,35021935680,success,35024325460,failure,success,25.5,24.05,12,12,5,23.35,186.58,187.08,3.8
35023616396,1f2cfbac633c2904c04d79d438f3f8a8e8a0090d,,2026-09-15T21:06:02Z,2026-09-14,35023615814,cancelled,35024072859,failure,failure,8.17,4.55,9,9,4,2.78,24.57,26.13,0.6
35024261693,1f2cfbac633c2904c04d79d438f3f8a8e8a0090d,,2026-09-15T21:06:02Z,2026-09-14,35023615814,cancelled,35024726137,failure,failure,11.98,4.67,9,9,4,4.03,33.03,33.48,0.65
35024857348,be477cce8cd410fff64e2761eb71bd771d217830,,2026-09-15T21:18:34Z,2026-09-14,35024856848,success,35027152990,success,success,25.67,24.23,6,6,3,23.53,116.36,116.85,3.23
35028687763,1983ec61223bda18731d2fb89cbc987c2f98682e,,2026-09-15T22:00:21Z,2026-09-14,35028687489,success,35030828186,success,success,28.78,24.37,8,8,3,20.22,126.84,127.26,3.31
35028825039,8ff952a500476e8b127e1a9e640e2d61d221db03,,2026-09-15T22:01:53Z,2026-09-14,35028824835,success,35029143132,success,success,4.47,3.45,1,1,1,2.8,2.8,3.28,2.68
35029135793,d8738f122fa13435046d6330feba681a8ce8945c,,2026-09-15T22:05:17Z,2026-09-14,35029135597,cancelled,35029548128,failure,failure,11.58,4.7,37,37,20,4.03,114.33,114.78,0.42
35030125384,d8738f122fa13435046d6330feba681a8ce8945c,,2026-09-15T22:05:17Z,2026-09-14,35029135597,cancelled,35030885726,failure,failure,23.25,8.87,37,37,20,5.77,153.21,153.58,0.6
35029265066,b6752e00e0e9b19584175e688c5d7bc8ccbc7a32,,2026-09-15T22:06:45Z,2026-09-14,35029264749,cancelled,35030121268,success,cancelled,10.37,9.67,37,37,20,6.52,160.27,161.65,0.07
35030112596,b6752e00e0e9b19584175e688c5d7bc8ccbc7a32,,2026-09-15T22:06:45Z,2026-09-14,35029264749,cancelled,35030847019,failure,failure,21.8,8.57,37,37,20,4.0,94.85,95.18,0.52
35029478911,95804c6aa0eff7c86ef1d61934aa8a03ca522c8e,,2026-09-15T22:09:11Z,2026-09-14,35029478472,cancelled,35030198686,success,cancelled,8.9,8.12,37,37,20,6.97,161.69,162.04,0.05
35030132215,95804c6aa0eff7c86ef1d61934aa8a03ca522c8e,,2026-09-15T22:09:11Z,2026-09-14,35029478472,cancelled,35031203064,failure,failure,20.98,12.62,37,37,20,9.62,153.9,154.7,0.74
35029700270,47480204acf5c0e84d8127a0fd712fdf5dfc8dee,,2026-09-15T22:11:45Z,2026-09-14,35029700072,cancelled,35030185743,success,cancelled,6.03,5.43,37,37,20,3.77,114.38,114.76,0.03
35030118259,47480204acf5c0e84d8127a0fd712fdf5dfc8dee,,2026-09-15T22:11:45Z,2026-09-14,35029700072,cancelled,35031246528,failure,failure,18.78,13.32,37,37,20,6.42,157.89,158.24,0.6
35030070507,c10c64f2f20f7778446949bb797b92894b1e3327,,2026-09-15T22:15:52Z,2026-09-14,35030070126,success,35032481878,success,success,31.42,29.12,12,12,5,23.1,177.31,177.68,3.49
35030634967,ef7d289477efc474a0e86002b375da593a023d23,,2026-09-15T22:22:29Z,2026-09-14,35030634849,success,35032837545,success,success,30.37,27.03,7,7,2,20.93,118.4,118.75,3.19
35031198608,c85a73618db4b2370ef669c25e0e1401079ae80c,,2026-09-15T22:29:10Z,2026-09-14,35031198246,success,35033307718,success,success,27.63,26.35,5,5,1,25.55,109.12,109.49,3.42
35032064624,a700ea5a72b2377a0aceba87249a913ae7cfe54d,,2026-09-15T22:39:39Z,2026-09-14,35032064385,success,35034303870,success,success,30.38,28.83,37,37,20,27.8,482.61,482.94,3.59
35033695316,23bd4dbfed6774813d478f315a276f7bae8c3b32,,2026-09-15T23:00:39Z,2026-09-14,35033694872,success,35035901757,success,success,30.6,28.97,37,37,20,27.98,477.62,477.97,3.75
35034956386,adfa18be2d3ddd5e6493d149051221e61635948c,,2026-09-15T23:17:02Z,2026-09-14,35034956309,success,35037003052,success,success,28.97,27.38,37,37,20,25.95,470.22,470.6,4.22
35036281147,57f73db284b31d3b9b9521b2a95757c2bd84c181,,2026-09-15T23:34:36Z,2026-09-14,35036280738,success,35037867764,success,success,25.43,22.08,6,6,3,21.47,92.72,93.07,3.33
35036851889,fb8c671729f92649c123801e8409a79c34582188,,2026-09-15T23:42:21Z,2026-09-14,35036851812,cancelled,35037222353,success,cancelled,5.22,5.08,37,37,20,4.57,149.23,149.58,0.05
35037192312,3b694e2540d34a4c6a40af42c27bd885e9baf1dc,,2026-09-15T23:47:03Z,2026-09-14,35037192160,cancelled,35038508697,success,cancelled,18.73,18.53,37,37,20,17.75,431.51,431.78,0.1
35038481323,9594dfb411445d542a4a24ff8850dc4d3a27f65f,,2026-09-16T00:05:15Z,2026-09-14,35038481083,success,35040428852,success,success,29.05,27.13,37,37,20,26.13,466.67,467.0,4.46
35039113465,161d10dd502dd1b0cbf545e45a13f239a7b70a30,,2026-09-16T00:13:47Z,2026-09-14,35039113307,success,35040767329,success,success,25.82,23.52,6,6,3,22.97,107.87,108.22,3.58
35039708803,261c6c805a06964667207ecc0f4ae60db3492cdf,,2026-09-16T00:22:16Z,2026-09-14,35039708407,failure,35041051480,failure,failure,21.8,19.25,7,7,2,18.72,128.85,129.22,0.48
35041807416,3f7e6b86182591049062187f7049c52f19de4654,,2026-09-16T00:52:44Z,2026-09-14,35041807186,failure,35043316945,success,success,23.2,22.08,7,7,2,21.42,135.26,135.63,3.36
35055083563,2b392cfadc125c819720b5258e647e63eb095c65,,2026-09-16T04:18:23Z,2026-09-14,35055083431,success,35056535089,success,success,24.8,22.5,7,7,2,21.88,130.53,130.93,3.16
35058057268,2b392cfadc125c819720b5258e647e63eb095c65,,2026-09-16T04:18:23Z,2026-09-14,35055083431,success,35059510559,success,success,69.12,21.92,7,7,2,21.37,136.37,136.72,3.02
35057733782,7c53a6042c82d27278a5dbf6f9d0054cf8797db4,,2026-09-16T04:59:29Z,2026-09-14,35057733659,success,35057985182,failure,failure,6.17,3.77,23,23,11,3.25,73.29,73.62,0.56
35058251823,16c3fad6ad50cb13b841a7a93ca4a4ab0710fe86,,2026-09-16T05:07:16Z,2026-09-14,35058251728,success,35058500755,failure,failure,6.58,3.77,23,23,11,3.18,72.24,72.62,0.61
35058346609,a2426bf956a5ea4238559fddff4b4fde694d99fb,,2026-09-16T05:08:43Z,2026-09-14,35058346293,success,35058559633,success,success,4.9,3.22,1,1,1,2.72,2.72,3.02,1.73
35059163348,29c4575b2d07ee5bd5dc5c7fc8ec22c471b1e193,,2026-09-16T05:21:03Z,2026-09-14,35059163045,success,35059392740,success,success,5.22,3.43,1,1,1,2.87,2.87,3.31,0.72
35060297786,bee29d6452a3b81edcdfdc318f721b9eddb0a810,,2026-09-16T05:38:06Z,2026-09-14,35060297152,cancelled,35060330580,success,success,2.1,0.47,1,0,1,0.0,0,0.33,0.41
35060414861,629d74a3aeda6ab9f935109effbc9f13c156728e,,2026-09-16T05:39:55Z,2026-09-14,35060414506,failure,35060447928,success,success,5.57,0.45,1,0,1,0.0,0,0.33,0.35
35060996517,21bc25d2c2f6ba04711f1521a25500ba15af6a43,,2026-09-16T05:48:25Z,2026-09-14,35060996264,success,35062551559,success,success,23.62,22.25,2,2,1,21.73,42.08,42.43,2.87
35061671209,0300f60e1cac5b37c05efddf2b6eea236598ad75,,2026-09-16T05:58:28Z,2026-09-14,35061671150,success,35061894001,success,success,4.4,3.12,1,1,1,2.48,2.48,2.99,3.28
35062675477,354417df478ee3270ccd72a01c26467c2c5cb7d7,,2026-09-16T06:12:24Z,2026-09-14,35062675313,success,35062966456,failure,failure,24.62,3.83,37,37,20,3.22,113.38,113.88,0.62
35064354134,1777c17903006d0819446c19cae02a4a61cebb20,,2026-09-16T06:34:44Z,2026-09-14,35064353942,success,35065663212,success,success,20.2,16.77,2,2,1,16.03,30.08,30.65,3.24
35065347351,174b558fd1e7215994bb9b40ea6a56af260f357a,,2026-09-16T06:47:34Z,2026-09-14,35065347014,success,35067261219,success,success,25.0,23.68,5,5,2,22.97,97.17,97.79,3.26
35065454258,0ab0991aa5fc317d15d4339fa97f556ace188d4c,,2026-09-16T06:48:58Z,2026-09-14,35065453971,success,35067372370,success,success,24.92,23.65,6,6,3,22.85,97.96,98.61,3.42
35066452255,e2fa0568298a4ac887948aa70a798565a099c11a,,2026-09-16T07:01:28Z,2026-09-14,35066451850,success,35068546594,success,success,26.58,25.12,37,37,20,24.35,464.17,464.8,4.4
35066833517,bf5add92a788d787dcc27b253b18e62c7d2bf29b,,2026-09-16T07:06:01Z,2026-09-14,35066833001,success,35068870305,success,success,26.8,24.4,6,6,3,23.38,106.08,106.64,3.43
35068116894,5779cd776b2a8e51fa59919e4820ec28afa12508,,2026-09-16T07:21:31Z,2026-09-14,35068116645,success,35068166918,success,success,2.7,0.58,1,0,1,0.0,0,0.48,0.67
35068182355,e41d1728d49730f6c6c6f45973d421546bb9fab3,,2026-09-16T07:22:18Z,2026-09-14,35068182023,success,35070135703,success,success,24.5,22.82,2,2,1,22.12,33.64,34.19,3.25
35069814002,75fc18f468e1cfebf9b80399613a67c01831ea1b,,2026-09-16T07:41:27Z,2026-09-14,35069813744,success,35072186206,success,success,29.2,27.18,37,37,20,26.42,477.42,478.04,4.25
35070379719,8a0d28379341a2c33806b357106a91135b20b036,,2026-09-16T07:48:00Z,2026-09-14,35070379625,success,35071032185,success,success,24.9,7.6,1,1,1,6.88,6.88,7.49,2.89
35071876535,32fbc9ab315951ce0a49fac2cc5c45af16c370a5,,2026-09-16T08:05:15Z,2026-09-14,35071876190,success,35074034549,success,success,25.52,23.93,11,11,4,23.18,172.79,173.43,3.6
35072879463,4e356d0b2df6158ecfe2296c8b4f753c199227b2,,2026-09-16T08:16:27Z,2026-09-14,35072879196,failure,35252283554,failure,failure,1986.15,1985.43,0,0,0,0.0,0,0,0.58
35072891103,ae41cefa30985746e1877175356402831e61bbe4,,2026-09-16T08:16:35Z,2026-09-14,35072890764,success,35073281884,failure,failure,23.35,4.37,17,17,6,3.75,61.59,62.07,0.45
35073024615,b018e49cd7d1aa2c0d14dcc1c4280573ca5f65f5,,2026-09-16T08:18:06Z,2026-09-14,35073024287,failure,35075045231,success,success,23.88,22.07,6,6,3,21.28,102.31,102.94,3.25
35075119777,4ebe6ca47e288cdb7025b37b5b6e80a6f47d2fc3,,2026-09-16T08:41:00Z,2026-09-14,35075119512,cancelled,35075844575,failure,failure,22.28,7.72,21,21,9,6.32,72.78,73.37,0.78
35077176486,1038b21b66c069d75807bf49a06c023435267a2d,,2026-09-16T09:03:00Z,2026-09-14,35077176102,cancelled,35077999933,success,cancelled,8.6,8.43,22,22,10,7.8,149.91,150.37,0.05
35077919369,1038b21b66c069d75807bf49a06c023435267a2d,,2026-09-16T09:03:00Z,2026-09-14,35077176102,cancelled,35080593470,success,success,37.28,28.18,22,22,10,26.6,361.52,362.15,3.97
35077481785,a9fdf12f2b70379aff2cea259c69522b8e146027,,2026-09-16T09:06:08Z,2026-09-14,35077480811,success,35079809968,success,success,25.6,24.37,5,5,2,23.52,102.95,103.59,3.4
35078630713,e01e81d7caa5298c019bc05089b94679f30442b2,,2026-09-16T09:18:06Z,2026-09-14,35078630262,cancelled,35078963770,success,cancelled,3.63,3.5,8,8,5,2.75,17.24,17.72,0.05
35078850296,d3c5e570d8d62f86de970ed01e73b1d08ed925a5,,2026-09-16T09:20:26Z,2026-09-14,35078850110,success,35081145552,success,success,25.83,24.37,6,6,3,22.48,109.09,109.69,3.22
35078894177,4df5dda9204d74e47c949f63397380520e499b6b,,2026-09-16T09:20:54Z,2026-09-14,35078893978,cancelled,35078948972,success,cancelled,5.25,0.53,1,0,1,0.0,0,0.32,0.07
35078915835,4df5dda9204d74e47c949f63397380520e499b6b,,2026-09-16T09:20:54Z,2026-09-14,35078893978,cancelled,35081133772,success,success,25.28,23.57,7,7,4,22.53,111.41,112.01,3.2
35079988935,e293f7e70a786143386f4fcc3957b29e15df5cae,,2026-09-16T09:32:22Z,2026-09-14,35079988657,success,35082492329,success,success,28.42,27.07,7,7,2,26.35,165.32,165.87,3.57
35080475691,6a8174a50ec19ff521808f7327e8e233ac29ca10,,2026-09-16T09:37:35Z,2026-09-14,35080475427,success,35082533187,success,success,25.55,22.3,7,7,3,21.43,105.17,105.76,3.5
35082054410,627453abdb3ed53f9342d132ac2a469ef18ac6b4,,2026-09-16T09:54:35Z,2026-09-14,35082053917,failure,35084168391,success,success,25.12,22.8,9,9,5,22.07,137.08,137.67,3.33
35082877650,591af012c62abe185e8903a60128738542705a60,,2026-09-16T10:03:28Z,2026-09-14,35082877307,success,35083271652,success,success,6.97,4.12,1,1,1,3.35,3.35,3.98,0.89
35093394646,591af012c62abe185e8903a60128738542705a60,,2026-09-16T10:03:28Z,2026-09-14,35082877307,success,35093799589,success,success,122.7,4.3,1,1,1,3.45,3.45,4.17,1.02
35083931983,c109812ef71b16db730da71137967b58b6d10e43,,2026-09-16T10:14:51Z,2026-09-14,35083931624,success,35086170537,success,success,26.05,24.72,5,5,2,24.07,99.47,100.01,3.57
35084013631,bec167db62a1dd067db94eedc4be2d496c3ba62d,,2026-09-16T10:15:42Z,2026-09-14,35084013694,cancelled,35084879612,success,cancelled,9.65,9.53,7,7,2,8.75,60.16,60.71,0.03
35084809505,bec167db62a1dd067db94eedc4be2d496c3ba62d,,2026-09-16T10:15:42Z,2026-09-14,35084013694,cancelled,35087293811,success,success,37.93,27.75,7,7,2,26.33,151.76,152.35,3.54
35089985008,693f144afe5628559ad708ba04876f1ef5ea5cf2,,2026-09-16T11:22:43Z,2026-09-14,35089984756,success,35092320898,success,success,27.52,25.9,16,16,5,25.18,260.18,260.74,3.57
35090390680,fbcaf9246520d2da71d1e6eb8772430db7670e8e,,2026-09-16T11:27:13Z,2026-09-14,35090390562,success,35092652280,success,success,26.32,25.07,11,11,4,24.32,186.28,186.88,3.36
35092980238,5421743dd42e1a83073e97ee374fe65b16e4215e,,2026-09-16T11:55:59Z,2026-09-14,35092980040,success,35095295989,success,success,26.47,24.92,13,13,6,24.13,198.89,199.56,3.97
35093820704,4f56c0a6a8adbdd72a1959f9bf38b681139bd985,,2026-09-16T12:05:10Z,2026-09-14,35093820056,success,35093875388,success,success,6.68,0.55,1,0,1,0.0,0,0.46,0.44
35094357228,a69f7eb295f0fd7d875fbb8b03255187d5caa87b,,2026-09-16T12:10:58Z,2026-09-14,35094356939,success,35096846062,success,success,27.23,25.82,7,7,4,24.42,112.47,113.12,3.75
35096230199,0f605dff5413e5c79b39d3c18dd788633693770b,,2026-09-16T12:30:29Z,2026-09-14,35096229759,cancelled,35096298744,success,cancelled,0.82,0.65,1,0,1,0.0,0,0.48,0.07
35096254196,0f605dff5413e5c79b39d3c18dd788633693770b,,2026-09-16T12:30:29Z,2026-09-14,35096229759,cancelled,35098742214,success,success,27.02,25.32,9,9,5,24.2,141.89,142.46,3.85
35097488080,48676c5a721eeba7da4c72e577943b1e14e77bc4,,2026-09-16T12:43:23Z,2026-09-14,35097487507,cancelled,35097784115,success,cancelled,3.17,2.98,2,2,1,2.28,3.98,4.5,0.07
35097665518,48676c5a721eeba7da4c72e577943b1e14e77bc4,,2026-09-16T12:43:23Z,2026-09-14,35097487507,cancelled,35100126224,success,success,27.5,24.25,2,2,1,22.43,40.41,40.96,3.57
35099246800,393abb631e61dcf597882e14067d9fc21e02940a,,2026-09-16T13:00:57Z,2026-09-14,35099246763,success,35101443701,success,success,22.47,21.0,3,3,2,20.17,38.97,39.62,3.55
35100677648,54b0798b4bc9c3907960c2da7a2a74bcabcb4526,,2026-09-16T13:14:45Z,2026-09-14,35100677200,success,35103565079,success,success,28.53,26.92,10,10,3,26.15,218.29,218.91,3.83
35103682607,da75532ec2dd50d9ae5579237c9a82c04b431a6c,,2026-09-16T13:42:47Z,2026-09-14,35103682173,success,35106192141,success,success,24.35,22.85,2,2,1,22.0,42.48,43.16,3.47
35104128437,ab2582d0728d074e442867194755d31efa839266,,2026-09-16T13:46:53Z,2026-09-14,35104127680,cancelled,35104210850,success,cancelled,1.58,0.75,1,0,1,0.0,0,0.57,0.03
35104156687,ab2582d0728d074e442867194755d31efa839266,,2026-09-16T13:46:53Z,2026-09-14,35104127680,cancelled,35106961652,success,success,27.53,25.5,6,6,3,24.3,100.99,101.57,4.35
35105431041,ca3fe321454c8fdf69dcc657f915d49ecb238396,,2026-09-16T13:58:55Z,2026-09-14,35105430839,failure,35108328676,success,success,27.58,25.67,5,5,2,24.88,101.34,101.98,4.34
35108164928,4313074f5f425ac660aa405f99d766a9777b3b4f,,2026-09-16T14:23:12Z,2026-09-14,35108164232,failure,35110605702,success,success,24.78,21.28,5,5,2,20.58,76.64,77.23,3.98
35112262424,38ea30cc3a8f5beabebedf4f26291834bd6f96ad,,2026-09-16T14:59:23Z,2026-09-14,35112262182,success,35115109485,success,success,26.03,24.92,5,5,2,24.18,106.32,106.9,3.61
35112415638,a50aaa72943c294e030cd300e54fc5eba3f70930,,2026-09-16T15:00:42Z,2026-09-14,35112415306,success,35115225837,success,success,25.6,24.62,5,5,2,23.83,101.87,102.5,2.65
35112519553,f6e2f37d8fb97873e94075287e5c40bda58df12a,,2026-09-16T15:01:36Z,2026-09-14,35112519178,success,35112642308,success,success,2.67,1.02,1,0,1,0.0,0,0.95,0.48
35113566594,7b149c2faba7d1bf3c01fea9a0abbc3e9bb8c316,,2026-09-16T15:10:47Z,2026-09-14,35113566280,success,35113641677,success,success,2.67,0.63,1,0,1,0.0,0,0.55,0.54
35114384126,256a945d13a55a4914641ea50242317ed4f03ae2,,2026-09-16T15:17:59Z,2026-09-14,35114383800,failure,35116576494,failure,failure,20.13,19.3,37,37,20,17.85,423.68,424.98,0.67
35117288651,32aa87e7a07beabf7f079afe63bda56674c7dd9c,,2026-09-16T15:43:43Z,2026-09-14,35117288388,failure,35119748693,success,success,25.52,22.67,7,7,2,21.83,105.92,106.56,3.92
35117401759,b6d92cd77d54252e8fecfbae79615685afb2ce76,,2026-09-16T15:44:47Z,2026-09-14,35117401368,success,35117476450,success,success,3.42,0.63,1,0,1,0.0,0,0.59,0.53
35119635862,9e7aefa45c865bbaa2e97c846ec92fcd89b534f1,,2026-09-16T16:05:23Z,2026-09-14,35119635323,success,35122356015,success,success,26.43,25.22,5,5,2,24.5,109.54,110.15,4.45
35120296411,ca1791a7f5f7e001ee0c4fd0c4250e8cc0ffa3d9,,2026-09-16T16:11:30Z,2026-09-14,35120296235,success,35120833340,failure,failure,19.65,4.93,37,37,20,4.05,118.84,119.47,0.59
35121407299,06643a4c3eff0017cd73b3e0e3852672dc207631,,2026-09-16T16:21:50Z,2026-09-14,35121406903,success,35121492265,success,success,4.1,0.77,1,0,1,0.0,0,0.7,0.89
35123388221,0f4e2611e773f364291d8ec11f239f0e647ad316,,2026-09-16T16:40:31Z,2026-09-14,35123387892,cancelled,35125881454,success,cancelled,23.95,23.8,15,15,7,22.8,225.96,226.76,0.05
35125758217,0f4e2611e773f364291d8ec11f239f0e647ad316,,2026-09-16T16:40:31Z,2026-09-14,35123387892,cancelled,35128457416,success,success,49.93,25.82,15,15,7,23.82,224.5,225.21,3.65
35124216300,ab5f9d66e14095ca40a9e20f54d8e8cb62ac463c,,2026-09-16T16:48:21Z,2026-09-14,35124216129,cancelled,35126287143,success,cancelled,20.0,19.85,7,7,2,19.1,110.69,111.24,0.03
35125115145,4e4456b5c078b9070e121e47e3b5ae184e30f80a,,2026-09-16T16:57:02Z,2026-09-14,35125114658,success,35127945238,failure,success,28.47,27.02,5,5,1,26.27,113.86,114.48,3.63
35126091308,f11c3a71e092be32a9aa93afa7f1c4f5566463fe,,2026-09-16T17:06:21Z,2026-09-14,35126090852,success,35128925090,success,success,28.43,27.1,10,10,2,26.32,194.48,195.1,3.75
35126177466,8a9d47ffed645abfd8e8609de648da6ea42044b5,,2026-09-16T17:07:10Z,2026-09-14,35126177346,success,35128679359,success,success,25.27,23.88,7,7,2,21.73,138.91,139.86,3.57
35129930581,8a9d47ffed645abfd8e8609de648da6ea42044b5,,2026-09-16T17:07:10Z,2026-09-14,35126177346,success,35132228288,success,success,60.2,22.25,7,7,2,21.5,128.1,128.68,4.1
35128165817,79436d1b5912998fc30fea46595e7418bb4c6baa,,2026-09-16T17:26:14Z,2026-09-14,35128165634,success,35130146114,failure,failure,25.03,19.13,37,37,20,17.83,429.71,430.32,2.04
35131894220,51da8e9992afd5ac63d5dfdf3ad74898b62c784f,,2026-09-16T18:02:25Z,2026-09-14,35131893874,success,35133707199,failure,failure,24.8,17.28,37,37,20,16.58,404.26,404.84,0.58
35133226870,83e84d17240ceff56a8b66f7b6a89fa0320837b7,,2026-09-16T18:15:09Z,2026-09-14,35133226982,success,35134975655,failure,failure,26.07,16.67,37,37,20,15.33,376.0,376.59,0.73
35134397070,754c558e01dce0a98dbc974a8926bbec337d0b67,,2026-09-16T18:26:18Z,2026-09-14,35134396742,success,35134851584,success,success,6.87,4.32,1,1,1,3.53,3.53,4.18,0.87
35136165325,754c558e01dce0a98dbc974a8926bbec337d0b67,,2026-09-16T18:26:18Z,2026-09-14,35134396742,success,35136627144,success,success,22.8,4.4,1,1,1,3.6,3.6,4.23,1.12
35135903428,1ec2cd79b96851d7ab141a8c4625ec14f8d0148e,,2026-09-16T18:40:51Z,2026-09-14,35135902826,success,35135969821,success,success,2.82,0.58,1,0,1,0.0,0,0.48,0.77
35136391476,52bce75f4c20dd881d8de6c3361793e0f81d3e39,,2026-09-16T18:45:33Z,2026-09-14,35136391262,success,35139437720,success,success,31.32,29.67,37,37,20,28.92,474.18,474.75,4.16
35136884357,e5f0a067652c5b89e5015a3b0dad41907a2928a7,,2026-09-16T18:50:19Z,2026-09-14,35136882898,success,35140213327,success,success,34.38,32.57,37,37,20,28.98,503.67,504.34,4.41
35139354539,18fe9a3ee590decbebd5cc3c0b15840393ee085e,,2026-09-16T19:14:28Z,2026-09-14,35139354161,success,35141591466,success,success,25.18,22.15,2,2,1,21.48,38.13,38.68,1.7
35139958386,5673896b8c3e92e36a2fb9e8151bba373d0d98e7,,2026-09-16T19:20:24Z,2026-09-14,35139958117,success,35140025410,success,success,6.43,0.62,1,0,1,0.0,0,0.56,0.45
35143733027,2636c47f35cfc168cab5298fffe64982e3ad162a,,2026-09-16T19:58:21Z,2026-09-14,35143732068,failure,35145550387,success,failure,24.48,17.97,5,5,2,17.23,59.05,59.6,1.57
35148459280,575a9184ebcf21eb0d3e86132ff3a13680da2644,,2026-09-16T20:45:25Z,2026-09-14,35148458449,success,35148833851,success,success,4.78,3.73,1,1,1,2.9,2.9,3.63,1.51
35149007456,d862e7e53c382488daa954bb5826e01bae8ca9a2,,2026-09-16T20:51:09Z,2026-09-14,35149006830,success,35150831982,failure,failure,25.07,18.88,5,5,2,17.8,65.21,66.13,0.55
35152559542,507482ac94d6d286834d0047d409d0e8cb847862,,2026-09-16T21:28:19Z,2026-09-14,35152559328,success,35154814691,success,success,26.33,24.95,8,8,4,24.22,136.54,137.16,1.84
35162191953,7d6e1592f3ffc5682899ebe6e7d91d166ab36506,,2026-09-16T23:25:01Z,2026-09-14,35162191802,cancelled,35162799303,failure,failure,18.43,8.18,21,21,7,7.38,150.23,150.89,0.33
35163518765,0d51be19e8dbaed27fd8414e058d485193dd957c,,2026-09-16T23:43:11Z,2026-09-14,35163518549,failure,35165647662,failure,success,31.33,29.97,21,21,7,29.13,368.12,368.83,1.84
35164476575,d064d0f39d7efa92048f1945b07af7d27e833e7b,,2026-09-16T23:56:54Z,2026-09-14,35164476357,cancelled,35165471439,success,cancelled,14.05,13.8,23,23,9,13.02,266.32,266.94,0.05
35170529829,843ad0637f3ad5dbb7d2187c041569c457e96059,,2026-09-17T01:25:58Z,2026-09-14,35170529513,cancelled,35171302598,failure,failure,21.95,11.95,23,23,9,11.12,230.49,231.15,1.23
35171921161,211cfab131210f811a001dae1e179cf8c8d5afcd,,2026-09-17T01:47:40Z,2026-09-14,35171920922,failure,35173849248,failure,success,31.37,29.82,23,23,9,29.17,384.06,384.59,1.98
35173931219,0ea33a6e3867483db57f587cb5ef54de01a5a948,,2026-09-17T02:18:50Z,2026-09-14,35173931088,success,35175699173,failure,success,29.52,27.9,23,23,9,27.15,397.03,397.66,2.05
35175754471,0ea33a6e3867483db57f587cb5ef54de01a5a948,,2026-09-17T02:18:50Z,2026-09-14,35173931088,success,35177598532,failure,success,59.97,29.55,23,23,9,28.8,407.41,408.02,2.0
35174393245,971657aa4293c489f4beb380a2d7619c0c5082ae,,2026-09-17T02:26:02Z,2026-09-14,35174393045,success,35174644567,failure,failure,23.7,3.95,22,22,8,3.22,69.67,70.24,0.42
35176513180,42757f0ad565d10f40d420a22f710660d2d30877,,2026-09-17T03:00:12Z,2026-09-14,35176512830,success,35176763322,failure,failure,17.18,3.82,22,22,8,3.15,66.47,66.94,0.38
35178102806,4b991e31cbff063238067156050ce05654cab49d,,2026-09-17T03:25:19Z,2026-09-14,35178102573,success,35180021060,success,success,32.02,30.65,22,22,8,29.85,386.82,387.42,1.83
35180244901,4b991e31cbff063238067156050ce05654cab49d,,2026-09-17T03:25:19Z,2026-09-14,35178102573,success,35182212925,success,success,66.92,31.0,22,22,8,30.23,394.0,394.67,1.43
35182249566,69af41b5010903996fa8ac32751581165218b9d9,,2026-09-17T04:31:35Z,2026-09-14,35182249489,success,35184128780,success,success,31.53,30.03,22,22,8,29.25,385.55,386.22,1.93
35187018756,e0b9e8cd60ba54bc2ec63ecb75f8bf1c62a34aae,,2026-09-17T05:45:50Z,2026-09-14,35187018488,success,35187062168,success,success,6.43,0.63,1,0,1,0.0,0,0.53,0.46
35189240054,c9c3d7d16e8119855ff4692c3783b33d2b72da44,,2026-09-17T06:18:15Z,2026-09-14,35189239706,cancelled,35189955116,success,cancelled,10.03,9.9,5,5,2,9.15,38.4,38.97,0.03
35189907954,5d1bfb24e776df15d9a0e60d2ce909a0da4b7cf5,,2026-09-17T06:27:31Z,2026-09-14,35189907814,failure,35191568221,success,success,23.98,21.97,5,5,2,20.62,62.94,63.58,1.68
35192164899,98435d30701d59b6b745b4761e358d29828965bc,,2026-09-17T06:57:11Z,2026-09-14,35192164634,success,35193583763,failure,failure,19.43,17.63,5,5,2,16.95,60.05,60.6,0.4
35193405669,3f32f0f37e4ccf12b1107da4e59ca1f756c924fb,,2026-09-17T07:12:40Z,2026-09-14,35193405463,failure,35195916686,success,success,31.48,30.2,23,23,9,29.47,406.7,407.3,1.69
35193785711,097e9b228879da3aab96dcec2da176103bba673a,,2026-09-17T07:17:18Z,2026-09-14,35193785458,success,35193838857,success,success,2.78,0.65,1,0,1,0.0,0,0.55,0.52
35194952321,df4301738452fadaa5d2cb8c646bae6717a2ffb9,,2026-09-17T07:31:26Z,2026-09-14,35194951997,success,35195007021,success,success,2.45,0.62,1,0,1,0.0,0,0.55,0.47
35200845923,df4301738452fadaa5d2cb8c646bae6717a2ffb9,,2026-09-17T07:31:26Z,2026-09-14,35194951997,success,35200972412,success,success,69.77,1.32,1,0,1,0.0,0,0.62,0.4
35195162810,6da54021871c9c1d12355c93d41d4e8104784e32,,2026-09-17T07:33:56Z,2026-09-14,35195162655,success,35195222321,success,success,3.08,0.65,1,0,1,0.0,0,0.59,0.43
35199454701,b17ade3f48733c037d978bb60ec2d6facfa6368e,,2026-09-17T08:24:00Z,2026-09-14,35199454569,success,35199512438,success,success,2.67,0.63,1,0,1,0.0,0,0.56,0.53
35203002590,b17ade3f48733c037d978bb60ec2d6facfa6368e,,2026-09-17T08:24:00Z,2026-09-14,35199454569,success,35203068418,success,success,40.37,0.7,1,0,1,0.0,0,0.58,0.43
35205794634,7b226c1839cbbdb96071b16e6195081507e54960,,2026-09-17T09:33:51Z,2026-09-14,35205794454,success,35205848912,success,success,2.75,0.55,1,0,1,0.0,0,0.49,0.75
35206133520,dcbcb61a5d556df5fca5d6015d5be8315fc41fff,,2026-09-17T09:37:35Z,2026-09-14,35206133156,cancelled,35207967206,success,cancelled,20.58,20.43,5,5,2,19.7,84.3,84.84,0.07
35207916519,478e80e760651593c3488eae8dc46cc40b29148e,,2026-09-17T09:57:26Z,2026-09-14,35207916281,success,35210168808,success,success,26.55,25.32,5,5,2,23.97,103.97,104.6,1.02
35208454021,b6180753549a23de175aeb423cb12e1ba2fed332,,2026-09-17T10:03:24Z,2026-09-14,35208453638,success,35210958763,success,success,30.0,28.28,23,23,9,27.35,388.65,389.25,1.81
35212295207,f9a694e94370e4e14008f2c4f80fb1d85308010d,,2026-09-17T10:47:12Z,2026-09-14,35212294799,success,35214715434,success,success,29.92,28.03,37,37,20,24.67,492.5,493.05,2.37
35215104194,4c5cc5c194a694f9b39ce710177d67b1467569d1,,2026-09-17T11:19:49Z,2026-09-14,35215103898,cancelled,35215628519,success,cancelled,6.07,5.9,37,37,20,5.18,168.56,169.06,0.07
35215568681,4c5cc5c194a694f9b39ce710177d67b1467569d1,,2026-09-17T11:19:49Z,2026-09-14,35215103898,cancelled,35218142721,success,success,36.17,29.02,37,37,20,27.57,470.85,471.5,1.78
35216370099,10a297c8cd43d33456d042a81d523a83b7f72e68,,2026-09-17T11:34:08Z,2026-09-14,35216369723,cancelled,35217167851,success,cancelled,9.12,8.95,5,5,2,7.63,38.05,38.6,0.05
35216415569,c75921ca0fd881dbcd5eb1087ea0a8bfbac656a5,,2026-09-17T11:34:41Z,2026-09-14,35216415233,success,35216478811,success,success,4.43,0.65,1,0,1,0.0,0,0.61,0.41
35217109117,b3e291426f28b8368a7c354ed1230d81f1cd2a1b,,2026-09-17T11:42:26Z,2026-09-14,35217105500,success,35219375917,success,success,26.45,25.2,5,5,2,23.87,104.56,105.14,1.03
35218598881,b3f91c27d3f393ed87a14b5939929647097eddb1,,2026-09-17T11:59:21Z,2026-09-14,35218598477,success,35218655404,success,success,2.4,0.63,1,0,1,0.0,0,0.53,0.48
35218785373,95961995a1224c2983b4afccaa79e5f8290cb283,,2026-09-17T12:01:18Z,2026-09-14,35218785141,cancelled,35219025857,success,cancelled,2.75,2.58,10,10,2,1.25,12.21,13.36,0.07
35218967402,9c5b51352c7660915c5ca3a8b996a2928e9e6432,,2026-09-17T12:03:17Z,2026-09-14,35218967365,success,35221501522,failure,failure,27.98,27.18,10,10,2,25.37,208.09,208.72,0.62
35219062824,78214f8236e8c477e2b91739519ed3675b650c06,,2026-09-17T12:04:18Z,2026-09-14,35219062613,success,35221134288,success,success,24.48,22.32,7,7,2,20.95,125.99,126.62,1.7
35220113777,aae8d29091d06cbf9252ac8e30a850ea55f0a3f0,,2026-09-17T12:15:42Z,2026-09-14,35220113399,success,35222510090,success,success,26.78,25.28,10,10,4,24.48,155.1,155.79,1.9
35225367159,f187a80ef3504312ae9190d7194a21e1313fbfd8,,2026-09-17T13:09:52Z,2026-09-14,35225366859,success,35228083736,success,success,27.25,26.08,5,5,2,25.0,101.6,102.55,0.97
35225623689,458198cf1d5ee810739f16eb1a6e3316c3f6d48b,,2026-09-17T13:12:25Z,2026-09-14,35225623563,cancelled,35225848045,success,cancelled,2.28,2.15,6,6,3,1.55,9.16,9.57,0.03
35225737210,9d0cc241ba68d9ccb176161075f2d771205a3416,,2026-09-17T13:13:31Z,2026-09-14,35225736817,success,35228428207,success,success,27.3,25.68,6,6,3,23.78,97.74,98.44,1.13
35227182570,9d0cc241ba68d9ccb176161075f2d771205a3416,,2026-09-17T13:13:31Z,2026-09-14,35225736817,success,35227411914,success,cancelled,17.63,2.2,6,6,3,1.55,9.14,9.57,0.07
35227262659,9d0cc241ba68d9ccb176161075f2d771205a3416,,2026-09-17T13:13:31Z,2026-09-14,35225736817,success,35227396106,success,cancelled,17.63,1.27,0,0,0,0.0,0,0,0.03
35227215664,1a670982c28f17f51bebaf3e88ab9b94c5527c94,,2026-09-17T13:27:46Z,2026-09-14,35227215423,success,35229887562,failure,failure,25.78,24.9,10,10,2,24.08,202.97,203.57,0.71
35227388569,350e187e000c570d7c7135787800e08d83fcb679,,2026-09-17T13:29:27Z,2026-09-14,35227388016,success,35230043222,success,success,25.88,24.67,6,6,3,23.72,96.53,97.13,1.67
35230267455,e9a87fdc49c4df9749372c625a27990db6d1903d,,2026-09-17T13:56:14Z,2026-09-14,35230267339,success,35233614492,success,success,32.0,30.58,10,10,2,29.75,217.21,217.9,1.13
35230822205,1e0ad8d8ed3d074a33cda8971479bbf82a882dd8,,2026-09-17T14:01:22Z,2026-09-14,35230821616,success,35233528114,success,success,26.0,24.68,10,10,4,23.88,161.51,162.09,1.76
35233818465,2cdaa7e5836f7a29b22b7562e79a4bd6e634ed92,,2026-09-17T14:28:39Z,2026-09-14,35233818066,success,35236697031,success,success,26.8,25.6,10,10,4,24.77,157.3,157.98,1.71
35251167403,30aa161d63d0db84d9068372efbe9fc846527011,,2026-09-17T17:11:06Z,2026-09-14,35251166963,success,35253080056,failure,failure,24.47,18.6,10,10,4,17.8,130.43,131.03,0.6
35255788068,c1a3e4184605afaf5bea340b3fd4faddce0f014d,,2026-09-17T17:56:35Z,2026-09-14,35255787411,failure,35258272542,success,success,25.78,24.32,11,11,5,23.48,165.05,165.77,1.8
35256524321,74cdf55868bc03e426231801764cbd3b4573c1e9,,2026-09-17T18:03:50Z,2026-09-14,35256524012,success,35258996854,failure,success,25.65,24.22,10,10,4,23.48,148.03,148.65,1.5
35260775696,aaab190bac24112ae48f7860a987526580698f3f,,2026-09-17T18:45:34Z,2026-09-14,35260775507,success,35263258257,success,success,25.77,24.52,12,12,6,23.8,160.87,161.46,1.67
35264682220,af5e34e3d70031b0b4b73cb16a377520fccc0a78,,2026-09-17T19:24:19Z,2026-09-14,35264681983,success,35264745336,success,success,4.12,0.6,1,0,1,0.0,0,0.54,0.47
35266473344,d976175bad4793d92aa325658190924a3e834a06,,2026-09-17T19:42:31Z,2026-09-14,35266472959,success,35266527379,success,success,4.27,0.53,1,0,1,0.0,0,0.46,0.53
35317578507,2698569f7185a916e06cb0ad6a3e90aee7321544,,2026-09-18T07:02:45Z,2026-09-14,35317578051,cancelled,35318627909,success,cancelled,13.65,13.47,6,6,3,12.6,66.35,67.05,0.05
35318571922,d01c9bd8a9841262d75c9b914dbd1fb62f6b58d1,,2026-09-18T07:15:34Z,2026-09-14,35318571713,failure,35320279980,success,success,22.42,21.42,6,6,3,19.95,96.0,96.66,0.82
35320836366,23d11c7396816e29f388211ad95b09620eab61f5,,2026-09-18T07:43:50Z,2026-09-14,35320836020,success,35322984103,success,success,27.65,26.02,6,6,3,22.87,107.14,107.77,0.89
35321249983,d4f8a801d66594d57e74a9abc43c61ed55ccce0b,,2026-09-18T07:48:51Z,2026-09-14,35321249724,success,35323032542,success,success,22.7,21.55,2,2,1,20.48,40.35,40.97,1.57
35321600163,52e044a7152e325a2533bc13e5868cbd25158899,,2026-09-18T07:53:11Z,2026-09-14,35321600022,cancelled,35322584111,success,cancelled,12.18,11.97,6,6,2,11.1,58.37,58.9,0.05
35321837949,d4f602df354502be4c319128aca4c591e126a77e,,2026-09-18T07:56:07Z,2026-09-14,35321837633,success,35324352253,success,success,31.47,29.93,37,37,20,29.18,435.42,436.05,1.93
35322246397,b840e1bd792d734f616478cd06693ba0d868fa67,,2026-09-18T08:01:12Z,2026-09-14,35322246220,success,35325178380,success,success,36.23,34.62,37,37,20,29.15,465.68,466.23,2.04
35322515293,e3639e852f951df1cfbb3035f0d457f32ec590a5,,2026-09-18T08:04:23Z,2026-09-14,35322515024,success,35324531842,success,success,25.9,23.85,6,6,2,20.7,89.36,89.91,1.54
35336757663,94920774a87a8ee3d1cfbf351cfa7eba5a746fbb,,2026-09-18T10:51:21Z,2026-09-14,35336757395,success,35339317089,success,success,32.73,31.17,37,37,20,30.38,485.03,485.65,1.35
35344801286,94920774a87a8ee3d1cfbf351cfa7eba5a746fbb,,2026-09-18T10:51:21Z,2026-09-14,35336757395,success,35345926501,success,cancelled,109.3,12.53,37,37,20,11.8,322.57,323.12,0.05
35341491173,0965f3dc2481a74ae9ca36c2ffb25389a55dcd0a,,2026-09-18T11:49:01Z,2026-09-14,35341491054,success,35343254170,success,success,23.18,21.18,7,7,2,20.42,132.26,132.85,1.55
35345860731,935c0fa38597807c49046cca5bba9bdfad0fd689,,2026-09-18T12:39:50Z,2026-09-14,35345860459,success,35348471714,success,success,30.07,28.52,37,37,20,26.53,471.55,472.73,1.35
35349409520,1f56f2f87617cbc0432ae52bb3238c32c74c9b47,,2026-09-18T13:18:04Z,2026-09-14,35349409250,success,35352607465,success,success,34.05,32.58,37,37,20,29.2,464.26,464.84,1.85
35353873017,5b17620ccf33bb392023e48d6e118f9184f454d3,,2026-09-18T14:03:21Z,2026-09-14,35353872728,success,35356053617,success,success,22.48,21.28,2,2,1,20.52,40.4,41.05,1.33
35355714630,d388fdd1b516aaefcb98e7386bad36acff446296,,2026-09-18T14:21:27Z,2026-09-14,35355714055,failure,35358181432,failure,success,25.08,23.72,12,12,5,23.03,181.92,182.49,1.17
35356830997,85ee53d538507d1433bd73c98e1b4f464e92ba65,,2026-09-18T14:32:09Z,2026-09-14,35356830432,success,35359036581,success,success,22.53,21.22,6,6,2,20.35,92.1,92.78,1.61
35358985358,1e0a270ad3bbe17e247db9cd14a407664d75877c,,2026-09-18T14:52:55Z,2026-09-14,35358985032,success,35361385734,failure,failure,24.6,23.28,12,12,5,22.57,194.01,194.55,1.11
35359988918,1be1094b90180c85a654fc725eda7565f4a7bb34,,2026-09-18T15:02:44Z,2026-09-14,35359988364,success,35361528932,failure,failure,23.52,14.82,37,37,20,14.03,349.01,349.64,0.5
35362992620,c244c713edcd73e93225ebe1bfea23edba8964ee,,2026-09-18T15:31:58Z,2026-09-14,35362991810,success,35365767564,success,success,29.33,27.67,37,37,20,26.88,472.42,473.06,1.83
35366279259,95a75466a92aacc94ce3992f857efe108f6ba34f,,2026-09-18T16:04:37Z,2026-09-14,35366279087,success,35368459000,success,success,23.0,21.57,7,7,2,20.32,122.62,123.19,1.83
35366710665,dabaf89fba29c5547d6de74cb7ce4292e60b3a98,,2026-09-18T16:08:50Z,2026-09-14,35366710058,success,35369100497,failure,success,25.52,23.82,12,12,5,23.07,174.9,175.52,0.88
35368590261,ba6f60d269ee69e6f8eb7642629b1f25323e8097,,2026-09-18T16:27:34Z,2026-09-14,35368589854,success,35368661658,success,success,3.63,0.7,1,0,1,0.0,0,0.62,0.52
35372053207,5388f5e67535a20ae38336da18a1cebdf6ab5364,,2026-09-18T17:03:09Z,2026-09-14,35372052943,success,35374808997,success,success,29.55,27.9,37,37,20,27.02,459.19,459.87,1.65
35372308314,3b53be3254e37f248e9e2ee2968f79e385fa9da1,,2026-09-18T17:05:44Z,2026-09-14,35372307900,failure,35374534492,failure,failure,23.43,22.55,18,18,10,20.37,239.43,240.11,0.4
35372325560,1986d87c0733ffeac80642a00f1a4a398df26a9b,,2026-09-18T17:05:56Z,2026-09-14,35372325150,success,35372492723,success,success,4.77,1.68,1,0,1,0.0,0,0.6,0.61
35375379381,06c126168b1803f36fbd9c065956290bb4ed59bd,,2026-09-18T17:36:51Z,2026-09-14,35375379146,failure,35377433004,failure,failure,23.1,21.35,18,18,10,20.35,228.63,229.23,0.68
35382166520,5bbc0ac11e958fa0b34371fb5c716184fba4ea14,,2026-09-18T18:46:49Z,2026-09-14,35382166213,success,35384247541,success,success,23.38,21.52,18,18,10,20.68,236.1,236.73,1.52
35385074209,21af2913da3c4910f303138acb6e43f835247625,,2026-09-18T19:17:08Z,2026-09-14,35385074106,success,35387421307,success,success,26.37,25.17,18,18,10,24.35,247.2,247.87,1.02
35388023349,672e3ab1a3ace04f9db873d1a6c0dca0ae7f6bb8,,2026-09-18T19:48:54Z,2026-09-14,35388023219,success,35388397125,success,success,5.68,4.03,2,2,2,3.38,6.35,6.87,1.56
35389585496,672e3ab1a3ace04f9db873d1a6c0dca0ae7f6bb8,,2026-09-18T19:48:54Z,2026-09-14,35388023219,success,35389985535,success,success,22.55,4.35,2,2,2,3.57,6.52,7.09,1.54
35392721150,85db898354f49f2a03e96e063af37924326bac8c,,2026-09-18T20:40:21Z,2026-09-14,35392720905,success,35393158597,success,success,6.72,4.88,2,2,2,3.52,6.54,7.17,1.47
35395754975,e5736a1dac7e70c7c9f549642d6e373548abf9fa,,2026-09-18T21:14:41Z,2026-09-14,35395754692,success,35397964613,success,success,27.17,25.95,9,9,5,25.22,152.13,152.75,1.01
35421909711,e5736a1dac7e70c7c9f549642d6e373548abf9fa,,2026-09-18T21:14:41Z,2026-09-14,35395754692,success,35422755157,success,cancelled,465.28,19.67,9,9,5,18.92,139.35,139.92,0.05
35415376654,0b76f8852ffed538baffaee3137ae068a6eca5b5,,2026-09-19T02:20:48Z,2026-09-14,35415376529,action_required,,,action_required,,0.0,0,0,0,0.0,0,0,0.0
35415383580,f54819af1b35d74f3303fb7ab86689192ee95bc1,,2026-09-19T02:20:57Z,2026-09-14,35415383531,action_required,,,action_required,,0.0,0,0,0,0.0,0,0,0.0
35415417158,5b3403f81e74e115acf9d9c5e275a467c93cbda9,,2026-09-19T02:21:39Z,2026-09-14,35415416988,action_required,,,action_required,,0.0,0,0,0,0.0,0,0,0.0
35422728667,b41ed9f477d001f69d46c6ccaec36d866c037398,,2026-09-19T04:59:12Z,2026-09-14,35422728563,failure,35423881669,success,success,27.05,25.58,11,11,7,24.23,155.09,155.73,1.27
35425548372,bc50e736a2c09afd50a52cdb264e2b79c2e21aad,,2026-09-19T06:02:45Z,2026-09-14,35425548316,success,35425578153,success,success,2.57,0.62,1,0,1,0.0,0,0.53,0.39
35426119297,81d10810511ceee13d7836730730f91c0c616bad,,2026-09-19T06:15:33Z,2026-09-14,35426119210,failure,35427525185,success,success,32.52,31.13,10,10,2,30.45,203.55,204.15,1.58
35426667470,ea8c0a42af32ce03e357685a64c4492a50e5caf7,,2026-09-19T06:27:57Z,2026-09-14,35426667316,failure,35427587194,success,success,23.43,20.17,2,2,1,19.37,30.14,30.81,1.59
35426738928,ac4ebb77494a135dbdfd0e6941d71b5fafc92ca8,,2026-09-19T06:29:38Z,2026-09-14,35426738795,success,35427888049,success,success,26.37,24.97,10,10,6,24.27,156.32,156.9,1.2
35429579240,3ae864b97edd8dc004d8a113979cc8d6c604963d,,2026-09-19T07:31:55Z,2026-09-14,35429579062,success,35430540368,success,success,23.48,21.57,2,2,1,20.8,36.65,37.25,1.43
35430939617,a2ade7515b50eb6a36a4b4874b3ccaadfae9962e,,2026-09-19T08:02:43Z,2026-09-14,35430939514,success,35430968825,success,success,7.0,0.58,1,0,1,0.0,0,0.48,0.43
35433368910,bfad83ccc5aa3d91057aa1a6505a4ce900f8dfe6,,2026-09-19T08:57:06Z,2026-09-14,35433368790,success,35433396163,success,success,2.73,0.62,1,0,1,0.0,0,0.55,0.45
35434787452,7f8812991d663f6a9a59248001ff66438fb3e308,,2026-09-19T09:28:29Z,2026-09-14,35434787323,success,35435499408,success,success,23.72,15.37,2,2,1,14.6,25.55,26.16,0.9
35435237606,4b2a09ae5ee4e63f67c9eb6ffea6ae51129ef257,,2026-09-19T09:38:10Z,2026-09-14,35435237368,failure,35436348151,success,success,26.08,25.0,6,6,3,24.23,104.44,105.11,0.88
35435247136,6751147df60cac984fccebdc4492e35e8fe330c1,,2026-09-19T09:38:23Z,2026-09-14,35435247037,success,35436171242,success,success,22.78,21.07,7,7,2,20.35,100.23,100.79,0.9
35437406769,2da630f6f51b894baa792c1e23067967231c0ea4,,2026-09-19T10:26:24Z,2026-09-14,35437406674,success,35437440360,success,success,2.67,0.72,1,0,1,0.0,0,0.65,0.49
35438700721,df1f04cd7c114700c0afba376e60ddc1043c5b06,,2026-09-19T10:55:19Z,2026-09-14,35438700609,success,35439966310,success,success,29.0,27.82,15,15,4,26.55,308.9,309.45,1.0
35442494893,910072a55021b8e1153c81b4af63d742fbf1913d,,2026-09-19T12:18:43Z,2026-09-14,35442494814,success,35443511895,success,success,23.05,21.35,7,7,2,20.57,130.17,130.79,0.93
35444243467,8d6d666292d6907dc3cc6365336e7208f20af274,,2026-09-19T12:55:12Z,2026-09-14,35444243402,failure,35445348986,success,cancelled,23.05,22.88,10,10,2,22.2,190.47,190.98,0.07
35445319941,738e8bc438fcc40d068ab6a74547d3f7f6e2c139,,2026-09-19T13:17:30Z,2026-09-14,35445319799,success,35446892817,success,success,32.97,31.85,10,10,2,30.5,208.69,209.31,1.34
35453523342,c96e9b3d9e39ea77f441a12c87facdb2a4d75c12,,2026-09-19T15:59:46Z,2026-09-14,35453523238,failure,35454892855,failure,success,26.68,25.42,20,20,12,24.62,258.45,259.07,1.76
35456365170,a4e92e0f2723ac3c45233e0334d3653fbf9666d6,,2026-09-19T16:53:24Z,2026-09-14,35456364916,failure,35457725190,failure,success,27.1,25.93,20,20,12,25.17,265.31,265.94,1.53
35458326026,badc71619e9ab22f9e04122101d40fa5fa1f46a1,,2026-09-19T17:30:57Z,2026-09-14,35458325958,success,35459638482,failure,success,27.28,25.97,20,20,12,25.25,270.48,271.14,1.85
35464541684,ba81a7e240760871b0512f02f11a50385aaa99f4,,2026-09-19T19:30:20Z,2026-09-14,35464541509,success,35465778874,failure,failure,24.83,24.3,10,10,2,23.6,202.45,203.05,0.38
35464627282,c1ec82cdb3e378bca4ab5f76456df1f698d8e4aa,,2026-09-19T19:31:55Z,2026-09-14,35464627175,success,35465683772,success,success,23.97,20.72,2,2,1,20.02,33.27,33.85,1.12
35466788419,228e4cd4e1dc9032845af09ae7f17bbe153ae869,,2026-09-19T20:14:45Z,2026-09-14,35466788262,success,35468177567,failure,failure,27.75,26.98,12,12,3,26.22,239.2,239.87,0.62
35468496079,52b2021566e0705415174ea171d132ecdd50f178,,2026-09-19T20:48:03Z,2026-09-14,35468495891,success,35469879166,failure,failure,28.45,27.73,10,10,2,26.52,209.38,209.98,0.55
35470339390,986876a894cd48c0b9c2db9620d3546771d2316a,,2026-09-19T21:24:53Z,2026-09-14,35470339208,success,35471827489,success,success,31.57,30.33,10,10,2,29.58,220.0,220.63,1.59
35478740107,81ab174633382b38ec965f12ee20d50c01eaafd4,,2026-09-20T00:25:38Z,2026-09-14,35478739964,cancelled,35478819025,success,cancelled,1.93,1.8,9,9,4,1.12,9.98,10.49,0.05
35478797064,e54f80d753443c48684c605d0dff47e05fb70389,,2026-09-20T00:26:57Z,2026-09-14,35478796971,cancelled,35478922560,success,cancelled,3.08,2.93,9,9,4,1.12,9.96,11.13,0.07
35478896142,ac9de81ed5f1ecd93e7a206a4d91425cab12d4ed,,2026-09-20T00:29:17Z,2026-09-14,35478896005,failure,35479605446,failure,failure,18.97,16.18,9,9,4,14.83,112.61,113.2,0.37
35479719369,a202b927a3414ce88637bfede171f65d0c7b5ac1,,2026-09-20T00:48:07Z,2026-09-14,35479719235,failure,35480646164,failure,failure,21.82,21.15,13,13,6,20.37,195.61,196.28,0.52
35482663034,92f9241e57cf924b1e79c913899c91ab4aed4367,,2026-09-20T01:56:12Z,2026-09-14,35482662916,success,35483586595,failure,success,22.88,20.87,9,9,4,20.17,137.28,137.83,1.63
35485753292,c5f6708b354ed1790ad2b76078a2bbb1de5d36cc,,2026-09-20T03:07:22Z,2026-09-14,35485753208,success,35487164508,failure,success,34.02,32.67,10,10,3,31.93,214.08,214.66,1.74
35488243860,10ce45106ee7f3b39573ca9debff7fa92e2fd296,,2026-09-20T04:05:16Z,2026-09-14,35488243713,success,35489488327,failure,success,31.77,29.28,10,10,3,28.48,208.52,209.21,1.56
35489055469,33d1a539c2118d0f31436340d503fc36f781b330,,2026-09-20T04:24:19Z,2026-09-14,35489055272,success,35489955205,failure,success,22.58,21.43,9,9,4,20.18,120.18,120.77,1.22
35490258561,9b9a0b52c4c4470480e189b9cf6b54a00874086d,,2026-09-20T04:53:06Z,2026-09-14,35490258415,failure,35491218698,success,success,24.28,22.5,6,6,3,21.75,103.82,104.45,0.88
35491418524,0279d995a85310cb5972976c4130757deb860b0a,,2026-09-20T05:20:22Z,2026-09-14,35491418633,success,35492492799,success,success,26.48,25.37,6,6,3,24.7,104.9,105.47,0.91
35491521338,25de0e153fc4b520145812355a3f840576b11255,,2026-09-20T05:22:44Z,2026-09-14,35491521254,failure,35492515880,failure,success,24.78,23.53,13,13,6,22.77,188.81,189.5,1.59
35493867478,e85dca5f351a73fe9556a7773c83bd868ca2a2da,,2026-09-20T06:18:02Z,2026-09-14,35493867360,success,35493895887,success,success,5.68,0.6,1,0,1,0.0,0,0.53,0.75
35494421875,e85dca5f351a73fe9556a7773c83bd868ca2a2da,,2026-09-20T06:18:02Z,2026-09-14,35493867360,success,35494449212,success,success,14.17,0.62,1,0,1,0.0,0,0.55,0.7
35494996156,3bfbf79c94f38a1bdc78d8efbbe57ba1af8c7688,,2026-09-20T06:44:08Z,2026-09-14,35494995930,cancelled,35495193663,success,cancelled,4.6,4.43,13,13,6,3.7,46.92,47.47,0.07
35495164381,499b25c8ae9bf5f862579abea14a63cd5b4d22f0,,2026-09-20T06:47:59Z,2026-09-14,35495164299,success,35496308152,failure,success,26.98,25.82,13,13,6,24.52,200.5,201.1,1.59
35496350399,9e0a79d3fa725d8bae888fb62ea6f00809e0797c,,2026-09-20T07:14:49Z,2026-09-14,35496350353,success,35497289865,success,success,23.68,20.83,3,3,2,20.05,38.53,39.15,1.77
35497850317,f36f6ee1e887f65ad10564b215f3e3611b2d905f,,2026-09-20T07:48:15Z,2026-09-14,35497850214,failure,35498959447,success,success,26.02,24.98,7,7,4,24.17,103.65,104.34,0.87
35499668183,5383e0b216b2a5d772c2ecd30a961b5eccee76ac,,2026-09-20T08:28:52Z,2026-09-14,35499668134,success,35500631800,success,success,23.8,20.88,3,3,2,20.13,40.35,41.0,1.49
35500165750,3b01cd46ee4837d3302e0a1b04a4e953c6baa5b9,,2026-09-20T08:39:44Z,2026-09-14,35500165591,success,35501251354,success,success,25.2,23.72,13,13,6,22.92,199.11,199.73,1.64
35501246814,fca9a45631c113facf96fe1dc3713e1f0f093cce,,2026-09-20T09:03:22Z,2026-09-14,35501246766,success,35502394912,success,success,26.0,24.87,6,6,3,24.18,105.38,105.96,1.63
35501885514,cf499e1fef27f70b00959a04d5e5da5a33aa1f4f,,2026-09-20T09:17:13Z,2026-09-14,35501885352,failure,35502860830,success,success,22.22,21.07,7,7,4,20.35,94.69,95.31,0.95
35502365160,a530d8787bea7d77031fbdf92350bc7419fcf8df,,2026-09-20T09:27:36Z,2026-09-14,35502365036,success,35503355725,success,success,23.43,21.53,3,3,2,20.15,37.13,37.73,1.59
35503282613,1a3ffd77022932e91521cb8ac65e7f3817b8189b,,2026-09-20T09:47:33Z,2026-09-14,35503282500,success,35504430865,success,success,26.67,25.37,7,7,4,24.65,111.14,111.75,1.1
35504610881,ca5f1b4582c80e7cd47e4ff5dbd12996330a462c,,2026-09-20T10:16:42Z,2026-09-14,35504610794,cancelled,35505534127,success,cancelled,19.57,19.45,15,15,8,18.73,201.77,202.3,0.03
35505505528,2d7f430762f552b53bbcfc9e6fd15addffdcbc27,,2026-09-20T10:35:33Z,2026-09-14,35505505314,success,35506702449,success,success,27.58,26.5,6,6,3,25.15,109.88,110.49,1.63
35507752272,178f0b2625422e62c9a12b0876ae11442c586c04,,2026-09-20T11:24:36Z,2026-09-14,35507752255,failure,35508359169,failure,failure,23.23,12.93,11,11,3,11.65,123.78,124.34,0.42
35508282060,89c64b7abea984b2fda52295298943e2a253250d,,2026-09-20T11:35:52Z,2026-09-14,35508281930,success,35509252253,success,success,23.42,21.5,5,5,1,20.88,89.7,90.22,0.79
35508654032,05e50a69670c375ea16c808a19c6fceae742dada,,2026-09-20T11:44:13Z,2026-09-14,35508653936,success,35508852632,success,success,5.47,4.27,2,2,2,3.58,6.36,6.96,1.62
35510977962,05e50a69670c375ea16c808a19c6fceae742dada,,2026-09-20T11:44:13Z,2026-09-14,35508653936,success,35511182387,success,success,55.27,4.3,2,2,2,3.53,6.41,7.06,1.69
35510935034,0df2153021e5450d6da779c38450077d5b425ecb,,2026-09-20T12:32:57Z,2026-09-14,35510934955,success,35511891395,success,success,21.12,20.03,5,5,1,19.32,94.24,94.84,0.91
35511899818,763cd833ec206347aa3e4413142772558ca50f57,,2026-09-20T12:53:12Z,2026-09-14,35511899727,success,35512076150,failure,failure,21.02,3.78,38,38,21,2.97,109.27,109.93,0.61
35514159529,5c0ab2308dac5f8393b3379a1a5834a9f55671ed,,2026-09-20T13:39:45Z,2026-09-14,35514159344,success,35515270094,success,success,23.93,22.72,13,13,6,21.83,183.99,184.76,1.3
35516806489,bc84b475c4b1872e7075fa0c7d968c79ec7c4cd4,,2026-09-20T14:32:38Z,2026-09-14,35516806326,success,35517024428,success,success,5.48,4.17,2,2,2,3.55,6.45,6.97,1.68
35518750032,b3543d0db3782970b85e0f0c491958cbf8b518a0,,2026-09-20T15:10:40Z,2026-09-14,35518749928,success,35519647373,failure,failure,18.3,17.05,6,6,2,16.37,88.15,88.68,0.71
35519689371,7edb20bbd35d609c7dbfc1fd6aae77dbb57cf757,,2026-09-20T15:28:32Z,2026-09-14,35519689187,failure,35519853745,failure,failure,20.33,3.05,13,13,6,2.43,31.27,31.77,0.5
35519939906,62c18c606a57e66375e5e4bfc559b1e0a833ce73,,2026-09-20T15:33:14Z,2026-09-14,35519939749,success,35520969656,success,success,21.32,19.95,5,5,1,19.2,87.65,88.26,1.83
35523365252,e896b2ec2183848e4ddc157dc802b2ed070abdce,,2026-09-20T16:38:51Z,2026-09-14,35523365130,failure,35524336193,failure,failure,20.43,18.87,13,13,6,18.13,186.91,187.53,0.68
35525550776,b2953ab12946bd94ae237956e2972e6807be999c,,2026-09-20T17:20:28Z,2026-09-14,35525550576,success,35526214644,failure,failure,18.8,12.5,6,6,2,11.78,69.01,69.59,0.37
35527020338,e36ff1a9720d0bf46226f7eb25270b86f85760b9,,2026-09-20T17:48:14Z,2026-09-14,35527020206,failure,35527050383,success,success,2.57,0.55,1,0,1,0.0,0,0.46,0.51
35527109587,ae87ccc3b3240f26727bb6e2c06a3a6c2c8146f4,,2026-09-20T17:49:56Z,2026-09-14,35527109451,success,35528292247,success,failure,23.33,22.2,6,6,2,21.55,94.42,94.96,0.96
35528930804,9a3e1000e9fa90453cc5cab6cb9a1eb39c72631a,,2026-09-20T18:24:00Z,2026-09-14,35528930578,success,35530142075,success,success,24.05,22.43,6,6,2,21.63,89.01,89.68,1.43
35529108431,23b5b12ae0427b5000f35ab6edba1fde6ecc2c11,,2026-09-20T18:27:21Z,2026-09-14,35529108314,failure,35530352453,success,success,24.22,23.1,13,13,6,22.35,195.56,196.18,0.93
35532112685,00cedc374b1385ca145e0ac80927f149ef8891a0,,2026-09-20T19:22:54Z,2026-09-14,35532112553,success,35533370911,success,success,24.15,23.07,13,13,6,22.28,214.22,214.87,0.9
35542545698,49acd38833ac8f09e1d760702d2077b8d1c356d2,,2026-09-20T22:43:44Z,2026-09-14,35542545582,failure,35543760777,success,success,25.97,24.82,12,12,5,24.13,212.73,213.28,0.96
35544367589,19e1907c3ee554e1714f6ae9261f64fd13592269,,2026-09-20T23:20:47Z,2026-09-14,35544367395,success,35545448084,success,success,23.1,21.88,12,12,5,21.15,181.51,182.13,1.0
35563240961,e8d0e0f571f85228a3a6ba3f58fa8389338fc391,,2026-09-21T05:05:03Z,2026-09-21,35563240764,success,35564768595,success,success,26.57,25.32,12,12,5,24.6,188.78,189.36,1.05
35564465596,8a4a5f63f46c1b8a8e5059a348ba67f48d840ae2,,2026-09-21T05:24:50Z,2026-09-21,35564465435,failure,35566411819,success,success,32.5,31.3,13,13,5,30.5,214.68,215.33,1.0
35566170090,d579c522172dad4c1c8c963fb8eb8625e2ea4e06,,2026-09-21T05:52:14Z,2026-09-21,35566169873,failure,35566824250,failure,failure,23.97,11.17,19,19,8,10.35,172.5,173.22,0.45
35566226272,f8b6f137fbb392639ae10081f28b7e093e0f0f09,,2026-09-21T05:53:06Z,2026-09-21,35566226256,success,35567732158,success,success,24.2,23.1,12,12,5,22.18,191.28,191.85,0.93
35568863071,82f8fc50c62187e79ba90bf064cbea7d659f252f,,2026-09-21T06:31:27Z,2026-09-21,35568862897,failure,35568907204,success,success,5.48,0.62,1,0,1,0.0,0,0.51,0.42
35568956185,a76038a680114574d628707a3dbff64bd9e454fe,,2026-09-21T06:32:49Z,2026-09-21,35568955955,failure,35570410394,success,cancelled,20.83,20.67,13,13,5,19.87,195.45,196.08,0.07
35570366304,bcecc0272c60e8fe1e60ece921637907f8ae8340,,2026-09-21T06:52:54Z,2026-09-21,35570366144,failure,35572816541,success,success,32.88,31.62,13,13,5,30.27,199.84,200.49,1.07
35570560886,10193ad0b4f6a19bde91a385eae5efb8e618621d,,2026-09-21T06:55:36Z,2026-09-21,35570560721,failure,35570614955,success,success,6.63,0.68,1,0,1,0.0,0,0.58,0.4
35575154467,9d0e43bf377b8cf9f871700711a9c03c18df4647,,2026-09-21T07:54:02Z,2026-09-21,35575154108,success,35575445289,failure,failure,23.52,3.63,38,38,21,2.9,107.57,108.17,0.4
35576934491,9f4a8d8b926d022ee3269ede5e877aa1a36faf49,,2026-09-21T08:15:15Z,2026-09-21,35576934351,failure,35579517021,success,cancelled,29.75,29.6,13,13,5,28.9,223.78,224.3,0.05
35579464726,a53626c8fd73beab401632107eb2087bd70e1567,,2026-09-21T08:44:18Z,2026-09-21,35579464557,success,35582098356,success,success,30.85,29.65,13,13,5,28.4,221.63,222.22,0.99
35580759024,23ea3a903174a00795869e72e9517b6dc6ff99d5,,2026-09-21T08:59:10Z,2026-09-21,35580758669,failure,35582695341,success,success,23.93,21.05,3,3,2,20.25,36.46,37.14,1.05
35583671922,aca53a01356c02635de3c5291d6e3ad1a58d36e7,,2026-09-21T09:30:21Z,2026-09-21,35583671639,failure,35583734747,success,success,7.18,0.57,1,0,1,0.0,0,0.49,0.47
35585784182,38a956b2a60768282ecaefef81386026b9268c74,,2026-09-21T09:53:38Z,2026-09-21,35585783827,success,35585844702,success,success,5.33,0.63,1,0,1,0.0,0,0.56,0.49
35587409652,7d3db824cc97b0fe470fa3e5844dc003646fe2cb,,2026-09-21T10:11:29Z,2026-09-21,35587409502,success,35587479729,success,success,6.7,0.75,1,0,1,0.0,0,0.65,0.45
35588079068,2dcbb6d3ff480da4fa33cbe60de8a28f7e341a7e,,2026-09-21T10:18:54Z,2026-09-21,35588078912,cancelled,35589312860,success,cancelled,13.98,13.83,6,6,3,13.08,69.99,70.57,0.05
35589257721,2dcbb6d3ff480da4fa33cbe60de8a28f7e341a7e,,2026-09-21T10:18:54Z,2026-09-21,35588078912,cancelled,35589263346,success,cancelled,13.55,0.02,0,0,0,0.0,0,0,0.03
35589258268,764ebdbfb20f6b83257f5e5982f67637849e15ae,,2026-09-21T10:32:10Z,2026-09-21,35589258031,success,35591323856,success,success,24.78,23.43,6,6,3,22.08,109.48,110.14,1.13
35589384330,ea989deafacd6d85ede9d45436de1e6101d5d7d2,,2026-09-21T10:33:34Z,2026-09-21,35589384064,success,35591267155,success,success,23.18,21.38,3,3,2,20.65,42.81,43.43,1.11
35594865162,9f01578cbc10ce7a117551597efbd47b167414ae,,2026-09-21T11:35:28Z,2026-09-21,35594864928,success,35595250422,success,success,5.33,4.27,1,1,1,3.58,3.58,4.09,1.52
35595681359,8fab3ad90b84190337dd8de47ddffd4f6859b7fe,,2026-09-21T11:44:32Z,2026-09-21,35595681107,success,35596060185,success,success,5.58,4.28,1,1,1,2.97,2.97,3.55,1.57
35599715538,77267ddaf8189becbfee28fd2d6e60ad0a43d598,,2026-09-21T12:28:14Z,2026-09-21,35599715156,success,35600143949,success,success,5.35,4.35,1,1,1,3.62,3.62,4.22,1.56
35601574393,841523b08270e92aba70b8dde3ada9021dda9c2f,,2026-09-21T12:47:20Z,2026-09-21,35601574238,success,35604143015,success,success,26.77,25.33,19,19,8,24.57,296.13,296.78,1.18
35603060567,4cfa1c9ce1174c10850cb068e9dc763b48daac3c,,2026-09-21T13:02:21Z,2026-09-21,35603059895,failure,35603518824,success,success,7.0,4.4,1,1,1,3.65,3.65,4.25,0.96
35604786227,644e34511abdfd4a062ee089928d200c9b0ea8d2,,2026-09-21T13:18:39Z,2026-09-21,35604785963,cancelled,35605254845,success,cancelled,4.47,4.33,1,1,1,3.63,3.63,4.16,0.05
35605179074,6ddb9b6d01767f39dad5824f2dab0b0f9a1ec171,,2026-09-21T13:22:18Z,2026-09-21,35605178916,success,35605730975,success,success,7.55,5.12,1,1,1,3.77,3.77,4.3,1.24
35607172501,790291c61773224ac155601c5eb3ea7bce48c31d,,2026-09-21T13:40:56Z,2026-09-21,35607171382,success,35607671981,success,success,5.6,4.58,1,1,1,3.77,3.77,4.42,0.81
35608110529,790291c61773224ac155601c5eb3ea7bce48c31d,,2026-09-21T13:40:56Z,2026-09-21,35607171382,success,35608152371,success,cancelled,9.32,0.35,1,0,1,0.0,0,0.28,0.07
35608113874,a569513c988a2ffde216ea5e58d72b89609bdd6b,,2026-09-21T13:49:45Z,2026-09-21,35608113634,success,35608595846,success,success,6.98,4.57,1,1,1,3.45,3.45,4.1,0.94
35609870481,f6b6eb8c41b7dc792857a1cbdaeb0c828e82ed13,,2026-09-21T14:06:08Z,2026-09-21,35609870215,success,35610355521,success,success,7.03,4.2,1,1,1,3.37,3.37,4.05,0.86
35610124477,37a03c1bce0178a83e837908bd4c955815058c25,,2026-09-21T14:08:20Z,2026-09-21,35610124546,cancelled,35611585057,success,cancelled,13.12,12.95,12,12,3,11.57,138.35,138.98,0.05
35611430317,e3e152497f8f6a1a95d7ac18e70f51e734a8429d,,2026-09-21T14:19:57Z,2026-09-21,35611429426,cancelled,35613033422,success,cancelled,14.38,14.2,12,12,3,11.57,138.55,139.13,0.07
35612194350,2acfc28c76d64557f7d977077e3ed78287b7bfbb,,2026-09-21T14:26:38Z,2026-09-21,35612193761,failure,35614996875,success,success,26.58,25.0,6,6,3,24.15,104.8,105.48,1.36
35612840764,599165b32181e3093f65c37dfab9aca4439f7498,,2026-09-21T14:32:27Z,2026-09-21,35616716978,cancelled,35616572779,success,success,55.05,33.08,12,12,3,30.5,251.81,252.54,1.13
35613305754,2f74b5f9f95497834e84c24cd197fafcef17d36a,,2026-09-21T14:36:35Z,2026-09-21,35613305514,success,35614843745,failure,failure,25.82,13.72,38,38,21,12.83,333.06,333.79,0.53
35616252495,8f2dfea0b07a25ec86973285925ecd060c6e9826,,2026-09-21T15:02:50Z,2026-09-21,35616252027,success,35618884724,success,success,24.42,23.02,6,6,3,21.97,95.22,95.96,1.18
35616717576,599165b32181e3093f65c37dfab9aca4439f7498,,2026-09-21T15:06:49Z,2026-09-21,35616716978,cancelled,35619201020,success,cancelled,22.02,21.85,12,12,3,20.47,232.28,232.88,0.07
35618961548,e6c7c576a022ac95a4e7cc8588e8ff93e7f7d8a1,,2026-09-21T15:26:34Z,2026-09-21,35618960918,failure,35622380438,success,success,31.65,30.38,12,12,3,27.47,256.72,257.46,1.04
35624008238,8baceb5113ebea99962410c0a9d734445c1a2862,,2026-09-21T16:11:30Z,2026-09-21,35624007989,success,35627547801,success,success,34.47,33.13,15,15,4,32.07,306.17,307.1,1.1
35628910546,9f11388f3900f0c27fb3e14db8f9470bbfa161cc,,2026-09-21T16:57:32Z,2026-09-21,35628910435,success,35631466665,success,success,24.8,23.68,6,6,3,22.75,103.98,104.7,0.91
35631770232,6af7b07f6941e77f8d60fb5c4eac9576e55f2156,,2026-09-21T17:24:07Z,2026-09-21,35631770092,success,35633486428,failure,failure,23.78,16.12,38,38,21,15.32,392.56,393.23,0.5
35634621590,e70765a632ee23b4045046169b67d306bc9be73d,,2026-09-21T17:51:07Z,2026-09-21,35634621353,success,35637936745,success,success,33.87,31.05,38,38,21,29.85,488.34,489.02,2.82
35639473544,9cf82c225530a104c9819bd929acae947c4679d6,,2026-09-21T18:36:28Z,2026-09-21,35639472997,success,35639538697,success,success,3.85,0.53,1,0,1,0.0,0,0.5,0.62
35641014667,1ac1c3d4cc26fef72f8e6220b6fc06ace5a6482c,,2026-09-21T18:50:40Z,2026-09-21,35641014078,success,35641089854,success,success,4.75,0.65,1,0,1,0.0,0,0.56,0.54
35646716547,cacdaed5a5870c1242c74f5e3163d621dae5bc35,,2026-09-21T19:44:34Z,2026-09-21,35646716279,success,35648923820,success,success,22.37,21.25,2,2,1,20.37,40.49,41.19,1.6
35691586185,cacdaed5a5870c1242c74f5e3163d621dae5bc35,,2026-09-21T19:44:34Z,2026-09-21,35646716279,success,35692964352,success,success,617.35,20.83,2,2,1,20.02,36.09,36.71,1.61
35650292075,6f6c6f4e2833a06569e9f05b51b5892af7d52f41,,2026-09-21T20:18:58Z,2026-09-21,35650292010,failure,35652046842,success,success,24.32,16.6,4,4,1,15.9,54.01,54.6,1.65
35652233582,ba36f44f58c422be27488424fe9c3eb90fe257b6,,2026-09-21T20:37:26Z,2026-09-21,35652233480,failure,35654390193,success,success,22.27,21.17,3,3,2,20.4,36.21,36.81,1.51
35653921000,382acc2930368fea3bf10552be4823507a6434d0,,2026-09-21T20:53:58Z,2026-09-21,35653920740,failure,35656343605,success,success,25.1,23.97,6,6,3,23.12,88.38,89.08,1.56
35654312346,956a837e3c6de1c724c089f41b64cda189a365ea,,2026-09-21T20:57:52Z,2026-09-21,35654312177,success,35656521185,success,success,24.1,21.88,4,4,1,21.13,64.61,65.17,1.58
35691598136,956a837e3c6de1c724c089f41b64cda189a365ea,,2026-09-21T20:57:52Z,2026-09-21,35654312177,success,35693011675,success,success,544.55,21.28,4,4,1,20.5,48.8,49.4,1.49
35693549874,291e4a916e00a95aff498f61dc8e78641eb877e5,,2026-09-22T06:08:53Z,2026-09-21,35693549418,success,35695090773,success,success,23.92,21.02,3,3,2,20.2,40.3,40.95,1.53
35696126783,a7a054fec32f96fb7c02aa526a4ed722311a274c,,2026-09-22T06:43:22Z,2026-09-21,35696126504,failure,35698106758,success,success,26.3,24.87,5,5,2,23.47,108.79,109.42,1.81
35701098389,be1b6b3d0ddee1a44df8a4131463785ba3597e4c,,2026-09-22T07:44:10Z,2026-09-21,35701097859,success,35703208975,success,success,25.92,24.43,5,5,2,23.5,97.82,98.43,1.86
35703354815,be1b6b3d0ddee1a44df8a4131463785ba3597e4c,,2026-09-22T07:44:10Z,2026-09-21,35701097859,success,35705552988,success,success,51.68,24.27,5,5,2,23.38,108.67,109.35,1.9
35703705184,fff5c1f216107067807a16904968be8b191594de,,2026-09-22T08:14:08Z,2026-09-21,35703704889,success,35705504432,success,success,23.83,19.82,4,4,1,19.02,49.15,49.82,1.45
35707655919,164f42ec97771d6b3de43b8917eecd89b11e5b88,,2026-09-22T08:57:35Z,2026-09-21,35707655594,success,35709818330,success,success,24.32,22.83,5,5,2,22.05,93.14,93.74,2.0
35712380459,88dfe05984f34b20a2457e1fe7dfb62750c966a0,,2026-09-22T09:47:32Z,2026-09-21,35712380116,success,35714556012,success,success,24.52,23.27,5,5,2,22.42,100.76,101.46,1.67
35714162389,9eaeda4497cb4e545811799f0b08484676fbcb71,,2026-09-22T10:06:37Z,2026-09-21,35714162158,failure,35715409061,failure,failure,24.45,13.53,11,11,3,12.8,134.39,135.01,0.66
35722819345,2523c8635922c3d7b32fc2e2d91c65afdf230fbd,,2026-09-22T11:41:03Z,2026-09-21,35722818672,cancelled,35722883075,success,cancelled,0.77,0.62,1,0,1,0.0,0,0.5,0.05
35722853209,2523c8635922c3d7b32fc2e2d91c65afdf230fbd,,2026-09-22T11:41:03Z,2026-09-21,35722818672,cancelled,35724833728,success,success,22.58,21.0,3,3,2,19.88,42.81,43.46,1.7
35724102852,218359b9e5e73a81f3b3c83dd19385328c12b7f9,,2026-09-22T11:54:43Z,2026-09-21,35724102624,failure,35726238885,success,success,24.77,22.07,11,11,3,21.18,180.32,180.94,0.93
35726841498,7030c21263e8b8687f828917a529475569549d59,,2026-09-22T12:23:02Z,2026-09-21,35726841237,success,35729098119,success,success,24.08,22.15,11,11,3,21.23,176.76,177.45,1.32
35730907915,7030c21263e8b8687f828917a529475569549d59,,2026-09-22T12:23:02Z,2026-09-21,35726841237,success,35733078624,success,cancelled,59.93,20.13,11,11,3,19.1,191.61,192.39,0.07
35732958592,f714ac4329d0fd39ed0feccb5af586ed26490a92,,2026-09-22T13:21:42Z,2026-09-21,35732958419,success,35735415571,success,success,26.15,22.1,11,11,3,20.22,176.01,176.69,1.02
35736519137,94f0463221ab7eab4af0e304b13fd2fd14b82b8e,,2026-09-22T13:53:34Z,2026-09-21,35736518864,failure,35739414393,success,success,26.13,24.98,6,6,3,24.15,110.23,110.93,1.59
35739787240,58034658429fe0e25c8e1b112bcf3e466ef9bb6c,,2026-09-22T14:21:48Z,2026-09-21,35739786951,cancelled,35740215304,success,cancelled,3.83,3.63,6,6,3,2.8,16.67,17.29,0.07
35740077103,7d1196b4d6479120c6269314ff703c867f139969,,2026-09-22T14:24:18Z,2026-09-21,35740076715,cancelled,35740156157,success,cancelled,0.82,0.65,0,0,0,0.0,0,0,0.07
35740149614,7d1196b4d6479120c6269314ff703c867f139969,,2026-09-22T14:24:18Z,2026-09-21,35740076715,cancelled,35742978779,success,success,26.2,24.28,6,6,3,22.95,105.4,106.05,1.69
35743885407,3bd67ff50d351c5488cc8e79572fe72784d586ad,,2026-09-22T14:56:58Z,2026-09-21,35743885412,failure,35744902765,failure,failure,19.28,8.6,3,3,2,7.78,22.04,22.64,0.5
35751649348,02774cf9d6b7fdb1660f6dd779743eace2484e80,,2026-09-22T16:04:30Z,2026-09-21,35751648804,failure,35754316354,success,success,24.77,23.67,3,3,2,22.15,47.38,48.75,0.89
35754962168,55ed89ca7a787ef18c950e9ba30b10fd79781ff2,,2026-09-22T16:34:03Z,2026-09-21,35754961925,success,35757358167,success,success,24.17,21.88,3,3,2,21.07,42.5,43.21,0.95
35764273200,ce96490f46278ed786a020b346f95770cd10ca6a,,2026-09-22T17:59:56Z,2026-09-21,35764272715,success,35769056472,success,success,44.93,43.38,5,5,1,30.37,114.81,115.48,1.59
35770521275,8cda4689b8b56d863d189f4a0b240ba757c4ed79,,2026-09-22T18:56:32Z,2026-09-21,,,35772524998,success,success,19.33,18.13,2,2,1,17.23,29.53,30.16,0.95
35775559505,99dc37c0eb61de6a0a4649286ff5a6a7f1a72499,,2026-09-22T19:42:55Z,2026-09-21,35775558973,success,35779127906,failure,success,34.2,32.83,5,5,1,32.05,112.06,112.74,1.15
35775801514,cd53a836da9d43a4e83e27282c8cbb14adf9ce03,,2026-09-22T19:45:14Z,2026-09-21,35775801121,success,35778176720,success,success,23.82,21.85,2,2,1,21.02,32.45,33.12,1.02
35776547306,cb7e5579594296cd402c9da4c92f39e167ee6a19,,2026-09-22T19:52:10Z,2026-09-21,35776547012,cancelled,35777050014,success,cancelled,4.85,4.68,1,1,1,3.93,3.93,4.44,0.07
35776978759,16d4d333a60b8c5ca151682640d8013d7c0ea1dd,,2026-09-22T19:56:12Z,2026-09-21,35776978472,success,35777528934,success,success,7.13,5.02,1,1,1,3.68,3.68,4.22,1.53
35778462666,3e4e64b7fee940d1d8ffca2461387b0549f1c514,,2026-09-22T20:09:48Z,2026-09-21,35778462430,failure,35780225234,failure,failure,24.88,15.88,15,15,5,14.07,178.8,179.49,0.65
35780203592,5644d24ee86fd2148c656c79f3b998a8fa4016f2,,2026-09-22T20:25:32Z,2026-09-21,35780203096,success,35784066785,failure,success,38.37,36.3,5,5,1,31.47,135.78,136.45,0.89
35781037283,0b7683d42aff173422f598534baddbcf3e208b99,,2026-09-22T20:33:13Z,2026-09-21,35781036819,success,35783474098,success,success,29.5,22.92,3,3,2,19.85,42.2,42.87,1.75
35783955217,0b7683d42aff173422f598534baddbcf3e208b99,,2026-09-22T20:33:13Z,2026-09-21,35781036819,success,35786376978,success,success,51.93,22.88,3,3,2,19.95,39.03,39.66,1.97
35781960305,fd60559c75ad5e45c0ee8cb4e137b1f47210459c,,2026-09-22T20:41:52Z,2026-09-21,35781959875,failure,35786175886,success,success,41.45,39.97,13,13,6,24.4,213.1,213.83,1.25
35783127935,eb3c60c414a8a7500a3e2d7f3520df8c8e73592f,,2026-09-22T20:52:50Z,2026-09-21,35783127133,success,35784865137,failure,success,35.47,16.43,2,2,2,6.6,13.17,13.92,1.79
35786074757,e62c6fcebc65d911574c834d2454864dbc4b8698,,2026-09-22T21:20:53Z,2026-09-21,35786074981,failure,35787215455,failure,failure,19.35,11.08,15,15,5,10.32,149.12,149.75,0.52
35790095762,61b8e620375983e740f51ed07ffc0ade693b257d,,2026-09-22T22:01:57Z,2026-09-21,35790095592,failure,35791383130,failure,failure,18.82,13.57,17,17,7,12.82,187.12,187.72,0.4
35793122699,1ee5f2d326ae426f139f9bf778cba74e9653c0f3,,2026-09-22T22:34:42Z,2026-09-21,35793122487,success,35794897410,failure,success,21.9,20.78,7,7,3,19.98,80.74,81.44,0.94
35793715698,ecf7f34e57c959e22dcaa0d8d4fbc0da9080a64a,,2026-09-22T22:41:31Z,2026-09-21,35793715494,success,35794071473,success,success,7.13,4.15,1,1,1,3.38,3.38,4.03,1.68
35793806752,d62d187d108476d23b5fead2b150dd505ec9e2df,,2026-09-22T22:42:36Z,2026-09-21,35793806581,failure,35795881758,success,failure,26.35,25.12,17,17,7,24.35,245.73,246.32,1.01
35794435635,afb557f24857e49d580890de663e41469fe2d6c3,,2026-09-22T22:50:02Z,2026-09-21,35794433820,success,35796151446,success,success,22.27,20.77,8,8,3,20.02,125.99,126.62,1.82
35801880884,aac3c67189788e7f980ea978d6a9eaede31d931e,,2026-09-23T00:23:57Z,2026-09-21,35801880696,success,35802843873,failure,failure,13.93,13.13,17,17,6,12.3,180.32,181.01,0.61
35802003063,115b238981d884990aac405ba98ca43537f720cf,,2026-09-23T00:25:34Z,2026-09-21,35802002824,success,35802270689,success,success,4.97,3.67,1,1,1,2.9,2.9,3.53,1.73
35802397865,115b238981d884990aac405ba98ca43537f720cf,,2026-09-23T00:25:34Z,2026-09-21,35802002824,success,35802751245,success,success,11.62,4.85,1,1,1,3.6,3.6,4.12,1.93
35803370947,4c262246679c247de68e725d50d6bf21a8bb7e1a,,2026-09-23T00:44:35Z,2026-09-21,35803370722,success,35804920421,success,success,23.12,21.83,8,8,3,20.5,114.41,115.61,1.67
35804215218,40083a35a55e62e4e088487369249ba97816ba81,,2026-09-23T00:56:37Z,2026-09-21,35804215013,success,35804737266,failure,success,23.28,7.27,2,2,2,6.55,11.2,11.76,1.5
35805971810,9f7ebf9964044e8160b02b782b9a3aca9584990f,,2026-09-23T01:21:44Z,2026-09-21,35805971578,failure,35808276341,success,cancelled,33.62,33.48,17,17,6,32.67,286.68,287.35,0.05
35806541420,68bd34f322427db868f1759467da549f4494c0e0,,2026-09-23T01:30:10Z,2026-09-21,35806541192,failure,35807967790,success,success,23.95,20.5,8,8,3,19.2,121.02,121.64,1.63
35807543280,b90c19b22d3ebc0d6b3d52bc9c17838f46ff47b5,,2026-09-23T01:44:37Z,2026-09-21,35807543026,cancelled,35807949742,success,cancelled,5.93,5.8,10,10,3,5.02,49.4,50.0,0.03
35807900795,06a0ff1772cd7ba4baafb3617ce86269454971ef,,2026-09-23T01:49:48Z,2026-09-21,35807900627,success,35809626712,success,success,27.1,25.58,10,10,3,24.27,173.49,174.11,1.31
35808266592,8bf258f8e22373143eff33cb91bae2a6309f65c2,,2026-09-23T01:55:07Z,2026-09-21,35808266458,success,35809416850,failure,failure,17.97,17.18,17,17,6,16.28,230.24,230.93,0.65
35809575407,8bf258f8e22373143eff33cb91bae2a6309f65c2,,2026-09-23T01:55:07Z,2026-09-21,35808266458,success,35810701781,failure,failure,37.92,16.8,17,17,6,16.03,221.31,221.94,0.75
35809083543,bb4a0cf7f52a4e40cf0244313a9fdee3798eba65,,2026-09-23T02:07:14Z,2026-09-21,35809083270,failure,35810513329,success,success,29.6,21.55,8,8,3,20.83,142.37,142.97,1.52
35811106532,d0aa2eccd31eab6ed2061fea84abb1abc082cd4b,,2026-09-23T02:37:36Z,2026-09-21,35811106349,success,35812611878,success,success,24.17,22.93,8,8,3,22.13,132.62,133.29,1.77
35820212503,b125f8754ec205e3893f2b16a577fe0b55908e94,,2026-09-23T04:54:10Z,2026-09-21,35820212399,success,35821927757,failure,failure,26.37,25.2,17,17,7,24.4,260.13,260.83,0.99
35822197613,8c52d18a3d8c1a0e4335e60e1d1a00f7a07c29d6,,2026-09-23T05:23:17Z,2026-09-21,35822197226,success,35823934397,success,success,26.25,25.0,17,17,7,24.18,276.43,277.08,1.05
35826225488,a0ca6d8da7f75757881d80fa88431763cf1693ab,,2026-09-23T06:19:33Z,2026-09-21,35826225292,failure,35828177444,success,cancelled,25.12,24.92,10,10,3,24.22,199.71,200.23,0.12
35826337868,7dfa3f91af23ec5cb9f62157adb653f546e85931,,2026-09-23T06:21:00Z,2026-09-21,35826337623,failure,35826885785,success,success,23.75,7.12,2,2,2,6.35,12.57,13.19,1.59
35828131102,b2150988683334882be7ee9b9e16648eca1401db,,2026-09-23T06:43:54Z,2026-09-21,35828130899,success,35830367604,success,success,28.32,26.85,10,10,3,25.6,183.98,184.6,1.28
35839835631,dbe408ebd7048ee5eaae28e23d5af59ebcc6c866,,2026-09-23T08:54:52Z,2026-09-21,35839835483,success,35840269539,success,success,6.85,4.43,1,1,1,3.65,3.65,4.26,1.68
35848332398,e24998ee0582c24a089434819a4ad32c81a05ff2,,2026-09-23T10:21:34Z,2026-09-21,35848332187,success,35848401346,success,success,2.42,0.7,1,0,1,0.0,0,0.61,0.4
35861936111,3a492940db94b82cecc1dc750626cddeec3fe5fc,,2026-09-23T12:40:08Z,2026-09-21,35861935617,cancelled,35862476523,success,success,6.38,4.97,1,1,1,4.05,4.05,4.83,1.63
35862597673,c98d5ee40e3a4b7da7635dbf352987b599305d1e,,2026-09-23T12:46:13Z,2026-09-21,35862597382,failure,35863102983,success,success,7.2,4.68,1,1,1,3.82,3.82,4.57,1.61
35863172955,9b970463fe198685df73c768b2cfa029bd255c1d,,2026-09-23T12:51:36Z,2026-09-21,35863172797,success,35863256384,success,success,4.48,0.75,1,0,1,0.0,0,0.55,0.44
35863725475,9b970463fe198685df73c768b2cfa029bd255c1d,,2026-09-23T12:51:36Z,2026-09-21,35863172797,success,35863809744,success,success,6.42,0.77,1,0,1,0.0,0,0.7,0.4
35863573974,ce019609c34151dcdf5164e4a4aa35951926e293,,2026-09-23T12:55:18Z,2026-09-21,35863573950,cancelled,35863612180,success,cancelled,0.47,0.3,1,0,1,0.0,0,0.24,0.07
35863574702,ce019609c34151dcdf5164e4a4aa35951926e293,,2026-09-23T12:55:18Z,2026-09-21,35863573950,cancelled,35864118657,success,success,6.07,5.07,1,1,1,3.88,3.88,4.59,1.44
35869896564,87c7a6a33fb9da8b72d2fdbd0662cd489fb7d222,,2026-09-23T13:50:30Z,2026-09-21,35869895695,success,35870420118,success,success,7.05,4.45,1,1,1,3.72,3.72,4.3,1.67
35873311587,635e8cc57c80efc3dd25d140f0437c945db201f5,,2026-09-23T14:19:18Z,2026-09-21,35873311156,success,35873908620,failure,success,5.68,4.85,1,1,1,4.0,4.0,4.63,0.68
35888527359,b6e36da6a5db1f609f16f74a88e2116293214450,,2026-09-23T16:24:29Z,2026-09-21,35888527084,success,35891982273,success,success,32.67,29.97,17,17,6,29.17,293.79,294.47,2.92
35893398019,372ca9dcca8594675368b75f241de21f04107c23,,2026-09-23T17:06:55Z,2026-09-21,35893397909,success,35895709932,failure,success,21.95,20.38,7,7,3,19.6,90.11,90.78,1.35
35896024304,622fefde734b3b38c83e470e0dd819f4784602b6,,2026-09-23T17:30:04Z,2026-09-21,35896023857,success,35898840383,success,success,25.88,24.52,13,13,6,22.92,199.56,201.01,1.15
35896082769,fa24f8d286c68b40897cf71361e3dc48520ad762,,2026-09-23T17:30:32Z,2026-09-21,35896082354,failure,35897978904,success,success,18.93,16.55,5,5,3,15.65,53.68,54.45,2.83
35896544278,5858a873eef2656b7984612af8716bebf7438518,,2026-09-23T17:34:34Z,2026-09-21,35896543804,cancelled,35896647502,success,cancelled,1.02,0.87,1,0,1,0.0,0,0.73,0.05
35896613313,2fcdb3328609158069f4140ca8534825f08cd955,,2026-09-23T17:35:09Z,2026-09-21,35896612536,success,35896875489,success,success,6.65,2.23,1,0,1,0.0,0,1.9,0.72
35897511460,0ee5c2af48bcd7f491bdfd06902dd61718d9e655,,2026-09-23T17:43:02Z,2026-09-21,35897510824,failure,35901570120,success,success,37.12,35.62,13,13,5,31.92,236.19,239.67,1.9
35900077015,e5a479a31f066766afaba3d70d3e98f55691f7e0,,2026-09-23T18:05:30Z,2026-09-21,35900076666,success,35900444117,success,success,6.15,3.27,1,0,1,0.0,0,3.17,0.4
35902033380,1620f8292fe5225563c5fdd947495b35601b3cfb,,2026-09-23T18:22:42Z,2026-09-21,35907321714,success,35904325013,success,success,68.93,19.7,17,17,9,18.82,214.16,214.92,2.24
35903879105,bcafd2ca508652c7613cb062216a09a446afb58e,,2026-09-23T18:38:34Z,2026-09-21,35903878845,success,35907771708,success,success,35.73,34.0,13,13,5,29.72,235.56,239.6,2.27
35907322039,1620f8292fe5225563c5fdd947495b35601b3cfb,,2026-09-23T19:08:36Z,2026-09-21,35907321714,success,35910029283,success,success,25.43,24.05,17,17,9,23.27,219.31,219.98,1.92
35907687556,53a149b0d9bdadde8308a60ab722ce1db23e22d6,,2026-09-23T19:11:52Z,2026-09-21,,,35907767247,success,success,1.18,0.65,1,0,1,0.0,0,0.56,0.36
35910952134,280c6625578062ed3e25688ac5b3f21f732e5e20,,2026-09-23T19:41:00Z,2026-09-21,35910951804,success,35913361998,success,success,23.97,22.12,8,8,3,21.3,138.46,139.13,2.02
35911650702,7eedb6ae0c15807a08f4a5c886cbb58b8d49981e,,2026-09-23T19:47:24Z,2026-09-21,35911650178,success,35911824629,success,success,5.45,1.55,1,0,1,0.0,0,1.47,0.45
35913428880,b6fa89160471564b9e1d3a8004428b62d8ae7b32,,2026-09-23T20:03:46Z,2026-09-21,35913428452,success,35915803493,success,success,22.62,21.32,8,8,3,20.48,131.58,132.27,1.44
35915409030,c7ba6fa7aad87509de9db35addb0f81b92a2eb09,,2026-09-23T20:21:39Z,2026-09-21,35915408804,success,35917323888,success,success,19.38,16.95,5,5,3,15.53,54.37,55.05,1.78
35920126517,32fe275a92d6aed5b4a5f7db24ce477df7ca9956,,2026-09-23T21:04:28Z,2026-09-21,35920125633,failure,35923363667,success,success,32.1,30.72,18,18,7,29.58,306.28,307.3,1.14
35921744814,fd28ddf068bc9505d75f0d1774a2cf2a63bc800c,,2026-09-23T21:19:48Z,2026-09-21,35921744507,success,35922269103,success,success,19.42,4.88,2,2,2,4.13,8.16,8.78,1.62
35923369702,4bf6b45a1fa3cdafc44f2f57c818ae276476cd59,,2026-09-23T21:35:18Z,2026-09-21,35923369759,failure,35925030778,success,cancelled,16.87,16.68,18,18,7,15.83,237.15,237.73,0.08
35924959781,54cd584bdf34e254994b604d3dcf680e1cf08efa,,2026-09-23T21:51:16Z,2026-09-21,35924959467,failure,35927674207,success,cancelled,28.18,28.0,19,19,8,26.58,309.99,310.54,0.07
35927529997,e618aed41cdc53010ba3cd8298cb9e3c51738b6c,,2026-09-23T22:17:46Z,2026-09-21,35927529780,success,35930402309,success,success,32.92,31.38,19,19,8,29.03,301.65,302.36,1.35
35927550756,5055c9b04af0528fe7c064d3829cf8aa78ef93d6,,2026-09-23T22:18:00Z,2026-09-21,35927550238,failure,35929788738,success,success,25.35,24.15,13,13,5,23.38,203.28,203.93,0.98
35956254307,ab7128e1d46dc6f060a28819f89a429f4743ce49,,2026-09-24T04:34:54Z,2026-09-21,35956254167,success,35957363537,success,cancelled,15.82,15.67,13,13,5,14.9,173.32,173.94,0.05
35956286584,ea68d9a47e608e8d345c8d2fa28213f046318f77,,2026-09-24T04:35:20Z,2026-09-21,35956286296,cancelled,35956694972,success,cancelled,5.95,5.83,6,6,2,5.08,29.4,29.96,0.03
35956656346,5a9b708e313016f9f42f456ecfca76e6b381edc6,,2026-09-24T04:40:37Z,2026-09-21,35956656230,success,35958055252,success,success,20.98,19.97,6,6,2,18.67,86.9,87.57,0.83
35957314691,b614dc7edf475170e3884dc73f774e6789616db4,,2026-09-24T04:49:56Z,2026-09-21,35957314302,success,35959101931,success,success,26.52,24.98,13,13,5,23.53,207.4,208.08,1.32
35958348068,e6923bc97a7b545280d5fbf352e5ef49818a4c27,,2026-09-24T05:04:34Z,2026-09-21,35958347924,cancelled,35958570399,success,cancelled,3.15,3.02,12,12,5,2.38,27.91,28.38,0.05
35958532634,75f3339d63dc50dd1c0bc651ce9fdff1fb44f838,,2026-09-24T05:07:05Z,2026-09-21,35958532433,cancelled,35959097992,success,cancelled,7.93,7.77,12,12,5,6.47,70.81,71.46,0.07
35959054678,b1a1693bfa848219f9b4ed9b1946af8bafd9a79b,,2026-09-24T05:14:16Z,2026-09-21,35959054471,cancelled,35959350737,success,cancelled,4.18,4.07,12,12,5,2.7,32.24,32.86,0.03
35959308562,965d7fd138b25c68248e4e82e5bcbf78720b06e3,,2026-09-24T05:17:46Z,2026-09-21,35959308388,failure,35960999266,success,success,24.5,22.82,15,15,7,21.43,190.72,191.39,1.47
35961245136,22f380055eac4539fdce23fd9433f5591945674d,,2026-09-24T05:43:59Z,2026-09-21,35961244947,success,35962850413,success,cancelled,21.57,21.43,15,15,7,20.67,197.35,197.95,0.05
35962799500,6d682dce3b93440d87baa156cdbc0c8f8c7209e4,,2026-09-24T06:04:50Z,2026-09-21,35962799350,success,35964754755,success,success,26.47,24.88,15,15,7,23.53,210.63,211.27,1.4
35966149186,3b638d43cc0c4e780e5ae30573025d154c86ab66,,2026-09-24T06:46:40Z,2026-09-21,35966148751,failure,35967248106,failure,failure,17.92,13.12,16,16,8,12.2,163.31,163.99,3.14
35967568798,14aa5cd9c97b0a612412c3b8a0e669e151a55b61,,2026-09-24T07:03:23Z,2026-09-21,35967568535,failure,35968649835,failure,failure,20.58,12.08,4,4,1,11.27,41.94,42.62,3.3
35967817967,6dbe51ab8a4bcc369f639d8d2918701e30460aed,,2026-09-24T07:06:14Z,2026-09-21,35967817697,cancelled,35968685731,success,cancelled,9.8,9.65,5,5,2,8.78,43.84,44.51,0.07
35968620577,ac327350a173a3f68841cfcced5f7e3d1b814c83,,2026-09-24T07:15:12Z,2026-09-21,35968620309,cancelled,35968940644,success,cancelled,3.75,3.62,5,5,2,2.2,10.82,11.4,0.05
35968888578,fc79ffbc288e57a30e2104f2efd7da08135d3c10,,2026-09-24T07:18:15Z,2026-09-21,35968888069,failure,35970156057,failure,failure,19.58,14.07,5,5,2,12.43,58.29,58.84,3.14
35970115586,d3b609263a4529eb5b7f80367d94a51ee547001e,,2026-09-24T07:31:54Z,2026-09-21,35970115191,success,35971264003,failure,failure,19.15,12.57,4,4,1,11.17,43.62,44.25,3.29
35971092123,ca363a61fc6398ab79fb4a7b3963ff3f45378af2,,2026-09-24T07:42:40Z,2026-09-21,35971091656,cancelled,35972473960,failure,failure,19.13,14.9,5,5,2,13.48,63.29,64.02,3.1
35971479063,914bf065cb568d9b8f0132ffc38b06f6dc0fa5e8,,2026-09-24T07:46:47Z,2026-09-21,35971478481,failure,35972100982,failure,failure,18.9,6.73,13,13,5,5.92,76.03,76.69,2.98
35972839044,dcb3e47520f567f72cba191cd3951d07ecc602f7,,2026-09-24T08:01:32Z,2026-09-21,35972838804,failure,35975156335,success,success,24.98,23.92,5,5,2,23.2,97.41,98.03,0.87
35975548070,ddee412fc25ee17cec40c2d83410f79d6a64f4bb,,2026-09-24T08:29:31Z,2026-09-21,35975547853,failure,35977955558,success,success,25.82,24.43,16,16,8,23.53,212.21,212.92,1.18
35975562417,5d8064fb6153432af70d873d4bf8f799b747965e,,2026-09-24T08:29:40Z,2026-09-21,35975562084,success,35978626172,success,success,32.28,30.92,10,10,3,30.07,221.79,222.49,1.1
35980459386,73384976ee8f205ef7f9c2978114f9ee56d57110,,2026-09-24T09:18:47Z,2026-09-21,35980459181,success,35982911982,success,success,25.63,24.13,16,16,8,23.35,215.53,216.13,1.28
36024430280,2e742761a6d9c06a1cf4fab0e8342058ab5282a9,,2026-09-24T16:01:33Z,2026-09-21,36024430002,failure,36027324175,success,success,25.8,24.42,14,14,6,23.6,216.37,217.05,1.12
36048971329,feb22861be3d70f02093d646bde79c4f47fe8599,,2026-09-24T19:33:36Z,2026-09-21,36048970965,success,36051661614,success,success,26.57,24.08,14,14,6,23.35,212.23,212.87,2.25
36053559431,e150445a69d599c025c7cc9263dcc244fae2a23a,,2026-09-24T20:14:48Z,2026-09-21,36053559235,cancelled,36053970719,success,cancelled,3.73,3.58,15,15,7,2.8,41.21,41.8,0.05
36053868930,12a391facb86855d9adffbaca6c99c6dd520edf0,,2026-09-24T20:17:32Z,2026-09-21,36053868571,failure,36055933728,failure,failure,21.82,18.18,15,15,7,16.58,206.82,207.44,3.47
36057768124,04c01fa4fe71f651a28c70419cb5e7e993dfbd9d,,2026-09-24T20:52:16Z,2026-09-21,36057767397,success,36060387017,success,success,26.27,24.02,15,15,7,22.62,221.54,222.77,2.02
36098422699,51e66fce5629e23061923d2f6a7dc34b7aa73a7d,,2026-09-25T05:24:21Z,2026-09-21,36098422295,success,36099175905,failure,failure,14.02,10.73,4,4,1,10.03,39.83,40.42,3.02
36099659074,5cb32148d1b9b83500dc73cd6e0e02e4534e5b1a,,2026-09-25T05:42:08Z,2026-09-21,36099658812,success,36100546155,failure,failure,19.3,12.48,4,4,1,11.57,45.77,46.54,3.09
36107700706,387c1367e0c1962726ab1df589ed1f2cc4d76e4a,,2026-09-25T07:27:09Z,2026-09-21,36107700421,success,36109411760,failure,failure,23.18,19.82,7,7,4,18.93,83.26,84.01,3.13
36109817148,22d414f28c31f04a0ee277bd173082af9246f156,,2026-09-25T07:51:39Z,2026-09-21,36109816708,success,36112170879,success,success,27.5,26.35,7,7,4,24.98,92.51,93.14,0.93
36140590326,572a11e68768a55ba5a1d4ec621e102b54197f8d,,2026-09-25T13:22:57Z,2026-09-21,36140589751,failure,36143249041,success,success,26.25,24.82,11,11,5,24.08,145.87,146.47,1.2
36147507482,4cdbdfc0be3dc4f82c7c2b49170bec5149dfa441,,2026-09-25T14:26:38Z,2026-09-21,36147507168,failure,36148072427,failure,failure,19.97,5.02,38,38,21,4.05,143.18,143.78,3.1
36149922705,59b06a6574f4d9a0df2dfdc549b7ac5f259d9980,,2026-09-25T14:48:12Z,2026-09-21,36149922164,success,36152023204,success,success,20.23,18.87,4,4,1,18.1,56.92,57.57,1.13
36150263138,34023cbf8503c324b16bc0ac84b3b536d2d9b061,,2026-09-25T14:51:14Z,2026-09-21,36150261374,failure,36152001804,failure,success,19.43,15.65,2,2,2,14.83,18.66,19.31,0.94
36152901974,bd0238238df8d62f32e146230caa5d154797bda3,,2026-09-25T15:15:07Z,2026-09-21,36152901602,success,36154382584,failure,success,20.3,13.12,2,2,2,12.3,15.95,16.6,1.07
36155327296,b925318e4688b46a3c8c1fb1737a2e8b95887489,,2026-09-25T15:36:35Z,2026-09-21,36155326309,failure,36157393554,success,success,20.18,18.6,4,4,1,17.7,50.45,51.23,1.35
36156189078,b7ef4d0b43bb8c92ea034079caa5ecef474d25cb,,2026-09-25T15:44:19Z,2026-09-21,36156188782,success,36156613141,failure,failure,13.18,3.72,38,38,21,2.8,103.87,104.59,3.42
36157730568,9fb126bb2f134e3ab1d8c4531464fba200f4e174,,2026-09-25T15:58:26Z,2026-09-21,36157730250,cancelled,36158273420,failure,failure,14.53,4.9,38,38,21,4.05,143.16,143.84,3.37
36158020612,aab9c257d264e5adbf87ebf2b13f6a6b108e3ace,,2026-09-25T16:01:04Z,2026-09-21,36158020226,cancelled,36159013465,failure,failure,12.35,9.0,38,38,21,7.83,211.55,212.23,3.1
36159171331,de20da4e25f960665fd16c39c8651e929bfd8fb9,,2026-09-25T16:11:35Z,2026-09-21,36159170699,failure,36159700351,failure,failure,19.75,4.85,38,38,21,4.07,144.33,144.96,3.29
36159216455,6a04963823f827e0966747e06bcee01a44e527cd,,2026-09-25T16:12:00Z,2026-09-21,36159216253,success,36160280483,failure,failure,20.0,9.9,38,38,21,9.05,207.45,208.16,3.1
36165031472,dffd5b8fe5bcdb54b2244b5e0e6926310ca60c89,,2026-09-25T17:06:35Z,2026-09-21,36165030878,success,36166753315,success,success,19.6,16.23,3,3,2,15.35,33.6,34.32,1.09
36168432293,7e33721ebe7dad49e41c4f28b32441fa55e82e60,,2026-09-25T17:38:52Z,2026-09-21,36168432126,success,36169079011,failure,failure,16.18,6.23,38,38,21,5.32,176.18,176.88,3.1
36168493416,c1d1991a4ae16368225605995ca87c7bc7c4eb29,,2026-09-25T17:39:29Z,2026-09-21,36168493091,success,36168654904,success,success,7.45,1.55,1,0,1,0.0,0,1.08,0.38
36171187299,2970b1594b15457f7e566772f6191b2ca17f4fa5,,2026-09-25T18:05:15Z,2026-09-21,36171186899,failure,36173937555,success,success,27.28,25.82,6,6,3,24.28,89.48,90.88,1.87
36172786873,f3384d8cc3d0346617ddbc0b57a6207b2363c37d,,2026-09-25T18:20:25Z,2026-09-21,36172786462,success,36173993698,failure,failure,20.15,11.2,38,38,21,10.32,290.57,291.3,3.17
36190220347,83531c2cf084f3b245a588935a41ead7ed5faeed,,2026-09-25T21:12:08Z,2026-09-21,36190219931,failure,36192573498,failure,failure,28.88,25.58,38,38,21,24.08,433.29,434.04,3.12
36192893991,40bf450584e21dbcea588c4bce7e920e65112e53,,2026-09-25T21:41:22Z,2026-09-21,36192893825,failure,36194938827,failure,failure,26.92,23.68,38,38,21,22.85,440.71,441.36,3.05
36196260279,d9ee18cf4bf13905389983717d873d8b446b6417,,2026-09-25T22:20:55Z,2026-09-21,36196260066,success,36198619546,success,success,31.72,30.27,38,38,21,29.47,441.88,442.5,1.23
36196390500,85ba13a015aaade52fb923c36a959ba4376e561a,,2026-09-25T22:22:33Z,2026-09-21,36196390279,success,36198311279,success,success,25.55,24.28,12,12,5,23.28,172.89,173.54,1.03
36203808680,85653dd82852637a0a5c266ed07e7b536707afa9,,2026-09-26T00:10:03Z,2026-09-21,36203808179,failure,36204974999,failure,success,19.35,18.35,1,1,1,17.52,17.52,18.21,1.53
36205552091,2bb553a58328f8f120e9102540bbffa8cc2ec47a,,2026-09-26T00:37:51Z,2026-09-21,36205551584,success,36206608952,failure,success,19.75,17.53,1,1,1,16.23,16.23,16.81,1.59
36221386016,4de2953fb52b91fd703612772b3bbf1cb4811e78,,2026-09-26T05:38:13Z,2026-09-21,36221385915,cancelled,36221420600,success,cancelled,0.8,0.67,1,1,1,0.05,0.05,0.5,0.03
36221405803,4de2953fb52b91fd703612772b3bbf1cb4811e78,,2026-09-26T05:38:13Z,2026-09-21,36221385915,cancelled,36221603007,success,success,5.47,3.92,1,1,1,2.97,2.97,3.6,0.9
36221664706,3f90bc622b18bb7d1d03d18463b49041f16888a1,,2026-09-26T05:43:53Z,2026-09-21,36221664602,success,36221904808,success,success,7.28,4.95,1,1,1,4.22,4.22,4.87,0.96
36223428679,01b58e9e0ec10514c830b2dfb1256a0587b74c4b,,2026-09-26T06:19:58Z,2026-09-21,36223428573,success,36223678137,success,success,6.02,4.93,1,1,1,3.95,3.95,4.63,0.9
36225939234,508266979084cf2847fb76abaaa735db5a4b505d,,2026-09-26T07:09:52Z,2026-09-21,36225939134,success,36226520820,failure,success,20.3,11.43,1,1,1,10.37,10.37,11.32,1.48
36229812706,a10e3430f4d03e42a9332e04ebab1be79233bbf1,,2026-09-26T08:27:05Z,2026-09-21,36229812598,cancelled,36229874258,success,cancelled,1.33,1.2,2,2,2,0.43,0.83,1.43,0.05
36229853026,de9af7a8ae12ab7cb4e6632eef91b1727f0a4411,,2026-09-26T08:27:56Z,2026-09-21,36229852809,failure,36230916218,failure,success,22.08,21.08,2,2,2,19.55,22.5,23.76,0.83
36230054379,e5d89537294b40ec439aa76891471e32ba9a61b4,,2026-09-26T08:31:54Z,2026-09-21,36230054283,failure,36231314771,success,success,26.52,25.33,12,12,5,24.6,158.71,159.34,1.0
36231299190,a015131ffdd61812cdfa106d0379615c39ccbdb5,,2026-09-26T08:56:57Z,2026-09-21,36231299062,success,36232320991,failure,success,21.73,20.42,3,3,3,19.58,27.83,28.53,1.15
36233137604,5cecebc41c2fac5b8bd52d7cf8016047e7b98127,,2026-09-26T09:33:24Z,2026-09-21,36233137301,success,36234074281,success,success,20.05,18.87,1,1,1,18.17,18.17,18.75,1.01
36233436717,087273df960d7592133e1e0b69e0dd8f84db6c4d,,2026-09-26T09:39:26Z,2026-09-21,36233436546,cancelled,36233554908,success,cancelled,2.5,2.33,7,7,3,1.6,11.11,11.67,0.07
36233503392,e4f682f6957d6712831a756faed58f2ab4d0d0ab,,2026-09-26T09:40:46Z,2026-09-21,36233503039,success,36233538188,success,success,15.05,0.67,1,0,1,0.0,0,0.58,0.35
36237730746,e4f682f6957d6712831a756faed58f2ab4d0d0ab,,2026-09-26T09:40:46Z,2026-09-21,36233503039,success,36237761388,success,success,85.67,0.6,1,0,1,0.0,0,0.53,0.52
36233524058,22caaa2237a4670c9b350399f8bcd077dfce0a05,,2026-09-26T09:41:11Z,2026-09-21,36233523976,failure,36234518332,success,cancelled,20.38,20.25,7,7,3,18.95,103.97,104.54,0.05
36234488322,ef51cb39bba5540a5d1fdc4f266d8a330aa9cbc5,,2026-09-26T10:00:51Z,2026-09-21,36234488128,success,36235569575,failure,success,22.45,21.12,7,7,3,19.73,94.57,95.25,1.14
36235558290,6951faa86a2814aca684e88ecf90d7a7c5b64440,,2026-09-26T10:21:47Z,2026-09-21,36235558068,success,36237094218,success,success,31.67,30.58,5,5,1,29.85,118.93,119.59,0.91
36237712018,6951faa86a2814aca684e88ecf90d7a7c5b64440,,2026-09-26T10:21:47Z,2026-09-21,36235558068,success,36239267684,success,success,74.32,29.93,5,5,1,29.17,126.23,126.86,1.06
36235975882,ab8a251ece3d7cd1fe6eb3a6cf8b2b8412c65d14,,2026-09-26T10:30:10Z,2026-09-21,36235975679,success,36237139231,success,success,24.3,23.12,12,12,5,22.32,173.81,174.5,1.0
36238011499,dc45a327f648951295b14fa911123ffb874511b3,,2026-09-26T11:10:45Z,2026-09-21,36238011389,success,36238265577,success,success,6.0,4.9,1,1,1,4.1,4.1,4.75,1.58
36239514387,fa21209a1f9bb7df1c1e1b91af0bb3205ad2929f,,2026-09-26T11:39:40Z,2026-09-21,36239514104,cancelled,36239840517,success,cancelled,6.43,6.3,12,12,5,5.53,62.27,62.87,0.05
36239807181,b9e7366ce560a5909fe1c4388601a706d400e5a4,,2026-09-26T11:45:23Z,2026-09-21,36239807063,failure,36241118114,success,cancelled,25.67,25.53,17,17,6,24.15,282.0,282.63,0.03
36239994145,b716641fb2a48528a872301e692daf1bd9fbc25e,,2026-09-26T11:49:00Z,2026-09-21,36239993965,success,36240026917,success,success,4.47,0.58,1,0,1,0.0,0,0.54,1.07
36240974129,b716641fb2a48528a872301e692daf1bd9fbc25e,,2026-09-26T11:49:00Z,2026-09-21,36239993965,success,36241012926,success,success,20.5,0.7,1,0,1,0.0,0,0.59,0.54
36241082177,d37019013f2498e5eeb4fc235d53d31a84c6b722,,2026-09-26T12:10:16Z,2026-09-21,36241081810,success,36242717973,success,success,32.82,31.22,17,17,6,29.83,295.86,296.48,1.42
36245185085,963555ae9bbf21f067ce5afe05840e1947d722a7,,2026-09-26T13:26:44Z,2026-09-21,36245184869,success,36246550089,success,success,27.0,24.63,6,6,3,23.92,100.04,100.65,1.4
36247150882,2f8f85566d950b79a39c2b5f670fdd8a031fb5b9,,2026-09-26T14:02:28Z,2026-09-21,36247150548,success,36248277401,failure,success,20.95,19.8,7,7,3,19.08,113.56,114.16,0.93
36249139732,9d552378be8180c2e466858c06267b21d8e6fbbd,,2026-09-26T14:37:29Z,2026-09-21,36249139569,success,36249208474,success,success,4.35,1.23,1,0,1,0.0,0,0.6,0.55
36252116894,85615d0a57ff0efde50f63e727e4e3e11963b0d2,,2026-09-26T15:29:32Z,2026-09-21,36252116725,failure,36253574811,success,success,26.25,25.15,6,6,3,24.3,89.39,90.06,0.93
36252762351,6efdc6772b41482a90a350034b0cbde6ffe7a498,,2026-09-26T15:40:33Z,2026-09-21,36252762179,failure,36253952353,success,success,21.67,20.58,1,1,1,19.88,19.88,20.48,0.9
36253338256,774fc4c620bc00d530b938510e95d3ec47d5b6e4,,2026-09-26T15:50:31Z,2026-09-21,36253337831,failure,36255065248,success,success,31.2,29.35,17,17,6,28.62,288.87,289.47,1.05
36254087543,946d78b93a4557144a207ca68a79bc73c180e67a,,2026-09-26T16:03:24Z,2026-09-21,36254087470,success,36254335957,success,success,5.25,4.18,1,1,1,3.43,3.43,4.05,1.6
36254444674,946d78b93a4557144a207ca68a79bc73c180e67a,,2026-09-26T16:03:24Z,2026-09-21,36254087470,success,36254739940,success,success,12.05,4.95,1,1,1,4.13,4.13,4.81,1.58
36254621714,89ad5a3cae7a315aa9dc932cfa49046986f57036,,2026-09-26T16:12:24Z,2026-09-21,36254621420,success,36256479314,success,success,32.52,31.08,13,13,5,30.32,218.63,219.24,1.97
36255345388,7a1d51241e114718865d123ec1c7211b3e1345d9,,2026-09-26T16:24:32Z,2026-09-21,36255345322,success,36257160558,success,success,31.85,30.38,17,17,6,29.62,333.75,334.38,1.25
36258122169,e2147707ac6910f04f551fc3f6af19b94bf9402e,,2026-09-26T17:11:16Z,2026-09-21,36258121790,cancelled,36258400536,success,cancelled,4.65,4.5,7,7,2,3.88,27.07,27.52,0.05
36258367857,9ed2131bff123b341b2c82a0223ee0724ab47014,,2026-09-26T17:15:16Z,2026-09-21,36258367543,failure,36260323232,success,success,34.47,33.02,7,7,2,31.82,167.58,168.23,1.84
36258449645,1d1fb97ece924efa720d54b9f1afcc348f1be58a,,2026-09-26T17:16:36Z,2026-09-21,36258449445,success,36259720314,success,success,22.73,21.42,6,6,3,20.63,79.31,79.97,1.11
36259240454,4460878cb346e9a19e4a0c11d214de7bf6402bbe,,2026-09-26T17:30:04Z,2026-09-21,36259240259,cancelled,36259600093,success,cancelled,6.1,5.93,10,10,2,5.23,50.85,51.39,0.07
36259265604,9cdb415b5f3a018d7c8ef455d118a9b420299fdb,,2026-09-26T17:30:27Z,2026-09-21,36259265459,success,36259542345,success,failure,5.75,4.6,1,1,1,3.77,3.77,4.47,1.59
36259563511,8ba48cc81a9bc97c9bfa671fdcbe162bd10221b0,,2026-09-26T17:35:25Z,2026-09-21,36259563334,success,36261378947,success,success,32.65,31.1,10,10,2,29.75,210.6,211.27,2.07
36261519564,8ba48cc81a9bc97c9bfa671fdcbe162bd10221b0,,2026-09-26T17:35:25Z,2026-09-21,36259563334,success,36263354067,success,success,66.12,31.08,10,10,2,30.4,231.45,232.03,1.89
36259662600,2068fe5c4c409d3e9d6a4a8172019af886df5f29,,2026-09-26T17:37:04Z,2026-09-21,36259662332,success,36259958993,success,success,8.52,5.0,1,1,1,4.23,4.23,4.86,1.7
36260881498,f0ada4f441bd4d16fa85ef53697838c0e3448194,,2026-09-26T17:58:08Z,2026-09-21,36260881273,failure,36261880374,success,cancelled,17.22,17.07,7,7,2,16.18,109.07,109.76,0.05
36261305583,46bb203301f1462867d6409913fc9fd57809ca8d,,2026-09-26T18:05:18Z,2026-09-21,36261305466,failure,36262418257,success,success,20.07,18.98,8,8,3,18.25,113.82,114.46,0.9
36261838583,6844abff41a753632776ae8780c69e0ad929e782,,2026-09-26T18:14:32Z,2026-09-21,36261838513,failure,36263496203,success,success,29.85,28.0,7,7,2,26.62,155.23,155.83,1.72
36262842814,433d3ec73e40b84c428d931792d79cac2d643d2a,,2026-09-26T18:31:25Z,2026-09-21,36262842699,failure,36264024953,success,success,21.27,20.15,8,8,3,18.83,112.3,112.9,0.93
36263287632,1f7ab29560d16920311b4b2eb6d0dbdb5ccce8af,,2026-09-26T18:39:01Z,2026-09-21,36263287418,success,36264461724,success,success,21.32,20.27,1,1,1,19.57,19.57,20.17,0.88
36265631820,c8428043058c1876eea96235037e88076dfd7b19,,2026-09-26T19:19:07Z,2026-09-21,36265631710,success,36266750271,success,success,20.7,19.3,8,8,3,18.47,118.25,118.94,1.2
36266058415,4f28aca3cf32595a5207d1b24974fdb625873b0f,,2026-09-26T19:26:25Z,2026-09-21,36266058189,success,36267768269,success,success,31.22,29.92,7,7,2,29.2,158.44,159.04,1.47
36267331109,0892760ebead63405cf0de6f460fce6aaecaab1a,,2026-09-26T19:48:39Z,2026-09-21,36267330995,cancelled,36267561609,success,cancelled,4.12,3.97,4,4,1,3.27,13.02,13.56,0.05
36267527947,0892760ebead63405cf0de6f460fce6aaecaab1a,,2026-09-26T19:48:39Z,2026-09-21,36267330995,cancelled,36268475005,success,success,21.2,16.4,4,4,1,14.55,51.71,52.27,1.88
36267756992,6ed4787824fb59188842cb49538314b40bec6e4b,,2026-09-26T19:56:08Z,2026-09-21,36267756839,success,36269443110,success,cancelled,28.93,28.82,10,10,2,28.1,212.25,212.79,0.03
36269410640,a01f0b4ea26c6ab670fbff1a2fdf6593437d2a6f,,2026-09-26T20:24:24Z,2026-09-21,36269410359,success,36271192037,success,success,32.48,31.37,10,10,2,30.08,186.1,186.7,1.22
36272157280,b3840281ccf8415df46a9f2ec7f217b9c17ed27d,,2026-09-26T21:12:54Z,2026-09-21,36272157216,success,36273249936,success,success,20.4,18.9,4,4,1,18.18,56.24,56.82,1.49
36273178300,b2b7ea4c2c9878e83dddbcab0183bd3a6c77e1e8,,2026-09-26T21:30:39Z,2026-09-21,36273178058,success,36274895712,success,success,32.23,30.78,12,12,4,30.05,218.74,219.36,1.55
36273239025,703b7dfdd7e2f4b7e9c7a8c4cf0542e2b4801a36,,2026-09-26T21:31:39Z,2026-09-21,36273238791,success,36274941363,success,success,32.07,30.53,13,13,5,29.28,230.38,230.99,2.01
36274972301,703b7dfdd7e2f4b7e9c7a8c4cf0542e2b4801a36,,2026-09-26T21:31:39Z,2026-09-21,36273238791,success,36276658541,success,success,63.05,30.62,13,13,5,29.22,226.16,226.83,1.77
36280414313,55bd522fb9a303d2cbf875f258e3f10799b2accf,,2026-09-26T23:45:12Z,2026-09-21,36280414125,success,36280449663,success,success,3.1,0.62,1,0,1,0.0,0,0.55,0.45
36280668179,55bd522fb9a303d2cbf875f258e3f10799b2accf,,2026-09-26T23:45:12Z,2026-09-21,36280414125,success,36280698270,success,success,6.12,0.53,1,0,1,0.0,0,0.45,0.43
36285135772,5ba8ba1bf44aa862306d399087de16035afbef01,,2026-09-27T01:18:33Z,2026-09-21,36285135638,failure,36286697340,success,success,32.23,30.93,20,20,9,30.18,313.97,314.59,1.8
36287207468,b9a84e32a986b0214f0ae6a0075212f520abe715,,2026-09-27T02:00:03Z,2026-09-21,36287207209,cancelled,36287539337,success,cancelled,6.53,6.38,5,5,1,5.72,28.56,29.06,0.05
36287508063,92d5874cfa7e5803fa8d161af1227e814088896b,,2026-09-27T02:05:54Z,2026-09-21,36287507830,success,36289082178,success,success,33.22,32.22,5,5,1,31.03,132.94,133.51,1.53
36289149704,92d5874cfa7e5803fa8d161af1227e814088896b,,2026-09-27T02:05:54Z,2026-09-21,36287507830,success,36290609424,success,success,64.87,30.28,5,5,1,29.55,128.98,129.57,1.42
36287945984,818c34ba4c204277fddcbf1fdc7e98f0699caea3,,2026-09-27T02:14:35Z,2026-09-21,36287945895,failure,36289178727,success,success,26.87,25.52,17,17,9,24.82,238.87,239.49,1.81
36295049052,804bf436c4b3f31e78ec47ebf802c23ad81047fb,,2026-09-27T04:41:42Z,2026-09-21,36295048841,success,36296539105,success,success,32.12,30.93,12,12,4,30.08,214.91,215.64,1.68
36297351182,804bf436c4b3f31e78ec47ebf802c23ad81047fb,,2026-09-27T04:41:42Z,2026-09-21,36295048841,success,36297908708,success,cancelled,59.48,11.58,12,12,4,10.82,115.28,115.88,0.03
36295243130,6cf94f879f686a5e2839bb41d4ae52da4b2367f2,,2026-09-27T04:45:40Z,2026-09-21,36295243162,success,36296269264,success,success,22.7,21.42,17,17,9,19.97,219.89,220.56,1.82
36296294971,6cf94f879f686a5e2839bb41d4ae52da4b2367f2,,2026-09-27T04:45:40Z,2026-09-21,36295243162,success,36297486349,success,success,47.87,24.47,17,17,9,23.05,230.76,231.46,1.85
36295689373,77c54af47a5d92ec42cb0edd28511b9332d68a3e,,2026-09-27T04:55:01Z,2026-09-21,36295689258,cancelled,36296309628,success,cancelled,13.07,12.92,8,8,3,12.2,89.34,89.89,0.05
36296281233,455c9f3dfba3f997dc3d8618c22e07d1ae805929,,2026-09-27T05:07:21Z,2026-09-21,36296281209,success,36297268239,success,success,21.38,20.32,8,8,3,19.15,120.73,121.23,0.88
36297121091,6b2cbb2ec69221b85409cc10a1d738c17de3ca70,,2026-09-27T05:24:40Z,2026-09-21,36297121014,success,36298626998,success,success,32.97,31.42,20,20,9,30.62,326.01,326.68,2.05
36297377883,105515a18843c40051e30fa1160105e219f5bbab,,2026-09-27T05:30:04Z,2026-09-21,36297377755,cancelled,36297650679,success,cancelled,5.7,5.57,5,5,1,4.12,19.85,20.35,0.03
36297622533,4c3160271565503099dc2ca030f02c2293c90b47,,2026-09-27T05:35:04Z,2026-09-21,36297622399,success,36299086176,success,success,31.68,30.55,5,5,1,29.27,125.81,126.43,1.25
36297881999,e7bf6d0a3bb35ea0662db985735ac189587fc11f,,2026-09-27T05:40:30Z,2026-09-21,36297881812,cancelled,36298036474,success,cancelled,3.37,3.23,15,15,6,1.97,28.99,29.54,0.05
36298008779,8838acd67a167923f4fcdd939b4de4f63981e6e1,,2026-09-27T05:43:10Z,2026-09-21,36298008688,success,36299512485,success,success,32.9,31.38,13,13,5,30.08,235.92,236.54,1.95
36298160707,dd2e5d55059dbf56bfb1683a9f51bb9dce3fd4c7,,2026-09-27T05:46:14Z,2026-09-21,36298160447,success,36298197286,success,success,2.58,0.75,1,0,1,0.0,0,0.63,0.51
36298453330,3fda8d121a1541b41a606e7a471ef92816c2552b,,2026-09-27T05:52:25Z,2026-09-21,36298453178,cancelled,36298625054,success,cancelled,3.78,3.63,7,7,2,2.95,20.52,21.06,0.05
36298596861,3de62975398a7aa93abe61269628522f07b1d43f,,2026-09-27T05:55:29Z,2026-09-21,36298596766,failure,36299921594,success,success,28.58,27.33,7,7,2,26.07,140.38,140.98,1.07
36300767362,847f98da285ac3790802aaa286c969d369d7ca57,,2026-09-27T06:40:03Z,2026-09-21,36300767209,success,36302391338,success,success,33.78,32.43,13,13,5,29.58,226.75,227.35,1.48
36301778425,a26498c8d18c16c47a3579121114dd1b059c8fbb,,2026-09-27T07:00:31Z,2026-09-21,36301778194,failure,36303045865,failure,success,26.2,24.77,15,15,7,24.0,213.91,214.56,1.98
36302497132,0ff968de88f7bfb9e875baa4ec860b6fdcb2cf2a,,2026-09-27T07:14:37Z,2026-09-21,36302496906,failure,36303680191,success,cancelled,23.1,22.95,19,19,9,22.13,248.21,248.83,0.05
36303157670,262ec05263751d05662fe3d2344d6192bf73b60b,,2026-09-27T07:27:32Z,2026-09-21,36303157510,success,36304740367,success,success,32.35,30.97,13,13,5,30.22,236.6,237.23,1.6
36303646795,a92b7e38f6dea1bce2aa4012e5548da651ae8a43,,2026-09-27T07:36:57Z,2026-09-21,36303646856,success,36304715725,failure,failure,24.53,21.03,19,19,9,19.6,242.41,243.06,3.37
36304418650,79b1e5f6f1ea142f384ae57b5bbdda849981460d,,2026-09-27T07:52:01Z,2026-09-21,36304418446,cancelled,36304700352,success,cancelled,5.77,5.63,15,15,7,5.03,73.07,73.51,0.03
36304673491,1d39732b4de0f46f006d86e092ab5fc602acf2cf,,2026-09-27T07:57:07Z,2026-09-21,36304673272,cancelled,36305025404,success,cancelled,6.93,6.78,15,15,7,5.43,77.89,78.52,0.05
36304992527,33e2981939f50d1fd3d632a76623c982f3d03069,,2026-09-27T08:03:17Z,2026-09-21,36304992570,success,36306383363,failure,success,28.53,26.73,15,15,7,25.42,211.55,212.15,1.4
36305129351,8882b103bf451691b08ae5106e79e61474a1e848,,2026-09-27T08:05:53Z,2026-09-21,36305129148,success,36306788263,success,success,33.32,31.7,25,25,11,30.83,391.86,392.59,2.04
36306851943,8882b103bf451691b08ae5106e79e61474a1e848,,2026-09-27T08:05:53Z,2026-09-21,36305129148,success,36308516340,success,success,66.73,31.4,25,25,11,30.47,372.33,373.01,2.92
36306645641,42ec934ced665606ace2713b8898bb06fad29884,,2026-09-27T08:34:57Z,2026-09-21,36306645456,success,36306680793,success,success,7.05,0.58,1,0,1,0.0,0,0.55,0.58
36307589610,64faac335266ca76946b8635e0709b1ec30d1b5f,,2026-09-27T08:52:48Z,2026-09-21,36307589389,failure,36308792375,success,cancelled,22.83,22.63,8,8,3,21.6,103.55,104.09,0.05
36308753512,b6a3e6e0cb788951c406d6e0e057a0b3e0dc607c,,2026-09-27T09:14:52Z,2026-09-21,36308753283,success,36310139965,success,success,27.4,26.0,8,8,3,24.67,115.15,115.78,1.21
36309188705,1d6a2e71e73b56a70b3a75efb64406642d53570d,,2026-09-27T09:23:00Z,2026-09-21,36309188593,success,36310838626,success,success,32.63,31.25,20,20,9,30.38,340.17,340.89,1.51
36312809298,188b4971757b7a69aa50b6de8d014093c0199560,,2026-09-27T10:31:29Z,2026-09-21,36312809112,failure,36313029280,failure,failure,20.02,4.05,32,32,15,3.25,101.01,101.72,3.03
36312969822,bce04a0a2d437d4093a11b1f7dff9c743fafd90f,,2026-09-27T10:34:29Z,2026-09-21,36312969497,success,36313005121,success,success,4.22,0.67,1,0,1,0.0,0,0.59,0.57
36313560351,8b52dfd442418cef996d9750a9bbb46f5ec6da36,,2026-09-27T10:45:31Z,2026-09-21,36313560164,success,36313596037,success,success,4.17,0.58,1,0,1,0.0,0,0.52,0.45
36324846566,8b52dfd442418cef996d9750a9bbb46f5ec6da36,,2026-09-27T10:45:31Z,2026-09-21,36313560164,success,36324882724,success,success,204.45,0.65,1,0,1,0.0,0,0.57,0.67
36315316374,91298eab734703b4a93cdb3e0e8f39f8351b3498,,2026-09-27T11:18:40Z,2026-09-21,36315316281,cancelled,36315347102,success,success,4.47,0.57,1,0,1,0.0,0,0.5,0.4
36315542162,4a1d88c94650452d8fe31e7441cc68716dbeebe6,,2026-09-27T11:22:51Z,2026-09-21,36315542045,success,36315579846,success,success,4.4,0.65,1,0,1,0.0,0,0.58,0.45
36315893506,4a1d88c94650452d8fe31e7441cc68716dbeebe6,,2026-09-27T11:22:51Z,2026-09-21,36315542045,success,36315925684,success,success,7.68,0.6,1,0,1,0.0,0,0.53,0.44
36315859327,2863b9f18f8bd28deecbed47545c2aed2f87c937,,2026-09-27T11:28:46Z,2026-09-21,36315859211,success,36315893954,success,success,2.45,0.63,1,0,1,0.0,0,0.51,0.45
36315905524,88f91fbb66f74fa0f887d491dec78a1c04b7ed4b,,2026-09-27T11:29:39Z,2026-09-21,36315905353,failure,36317341908,success,cancelled,26.9,26.75,17,17,9,25.33,234.09,234.74,0.05
36317309597,5d65d50cae9d4d0d1e5b8e57852fe07dae6628ff,,2026-09-27T11:55:50Z,2026-09-21,36317309519,success,36318891973,success,success,31.05,28.85,17,17,9,26.92,236.37,237.0,1.72
36317611044,a3ce1fc4cadf3e3f163a0abeb447ffb362a29a58,,2026-09-27T12:01:21Z,2026-09-21,36317610945,success,36317902604,success,success,6.63,5.3,1,1,1,4.5,4.5,5.16,1.83
36317975747,a3ce1fc4cadf3e3f163a0abeb447ffb362a29a58,,2026-09-27T12:01:21Z,2026-09-21,36317610945,success,36318265330,success,success,13.32,5.25,1,1,1,4.48,4.48,5.15,1.82
36318452502,a11d074f1fb7af5fd2d0a7570c35e1f5a1852546,,2026-09-27T12:16:45Z,2026-09-21,36318452266,cancelled,36318736724,success,cancelled,5.28,5.13,18,18,7,4.42,76.48,77.05,0.05
36318704696,5c000de1aa676b79c3a0416b8dc66a563005ac1a,,2026-09-27T12:21:19Z,2026-09-21,36318704554,failure,36319744410,success,cancelled,18.8,18.65,18,18,7,17.4,265.12,265.62,0.05
36318757328,26e12cdcfc19f6ae482e73052616310453faa9ba,,2026-09-27T12:22:17Z,2026-09-21,36318757199,success,36320230846,success,success,28.63,26.33,8,8,3,25.58,119.65,120.32,1.05
36319552717,f0e48ff876a70a6f85f460cbedb54fef8ff8b801,,2026-09-27T12:36:27Z,2026-09-21,36319552700,failure,36321113337,failure,success,29.28,27.63,19,19,7,26.92,331.19,331.79,2.18
36319710345,3c86dda775884f9d2d8b62199aa5fb3d33d6904d,,2026-09-27T12:39:22Z,2026-09-21,36319710104,failure,36321609404,success,success,34.85,33.32,24,24,12,31.42,354.38,355.03,1.95
36319845914,17be8a723ea89e2792c4e33105b0f851ffb0dbe0,,2026-09-27T12:41:47Z,2026-09-21,36319845708,failure,36321264852,success,cancelled,25.05,24.9,10,10,2,22.38,180.5,181.1,0.05
36321224177,f822bae0ad0b0a4812b994d9225465968f7feb72,,2026-09-27T13:06:04Z,2026-09-21,36321224025,success,36322294063,success,cancelled,18.72,18.58,18,18,5,17.27,272.91,273.45,0.03
36322261232,f822bae0ad0b0a4812b994d9225465968f7feb72,,2026-09-27T13:06:04Z,2026-09-21,36321224025,success,36323149642,failure,failure,36.78,15.27,18,18,5,13.42,219.71,220.35,3.32
36323106359,71bf07dd3dd04626fee7a7f34bfd69deef430216,,2026-09-27T13:38:40Z,2026-09-21,36323106128,cancelled,36323354969,success,cancelled,4.37,4.23,33,33,16,3.3,106.35,106.93,0.05
36323331155,71bf07dd3dd04626fee7a7f34bfd69deef430216,,2026-09-27T13:38:40Z,2026-09-21,36323106128,cancelled,36323562764,failure,failure,10.98,3.98,33,33,16,2.82,90.62,91.31,3.02
36324525704,e77e01dd16b617ccbb98797c2ef805202c63d323,,2026-09-27T14:03:06Z,2026-09-21,36324525546,success,36324562652,success,success,20.78,0.62,1,0,1,0.0,0,0.57,0.5
36324525663,07103057e03204ec8932e2e13a81e68f690a2f21,,2026-09-27T14:03:06Z,2026-09-21,36324525452,cancelled,36324777602,success,cancelled,4.45,4.3,19,19,7,3.48,64.4,65.05,0.07
36324735572,07103057e03204ec8932e2e13a81e68f690a2f21,,2026-09-27T14:03:06Z,2026-09-21,36324525452,cancelled,36326278052,failure,failure,32.72,25.6,19,19,7,24.22,319.41,320.0,3.37
36325876658,e77e01dd16b617ccbb98797c2ef805202c63d323,,2026-09-27T14:03:06Z,2026-09-21,36324525546,success,36325918352,success,success,23.9,0.65,1,0,1,0.0,0,0.6,0.55
36324957377,40fd99ff51328d739fcd711db83a3bbb5daff466,,2026-09-27T14:10:29Z,2026-09-21,36324957161,success,36326883203,success,success,33.02,31.83,7,7,2,30.9,174.64,175.25,0.98
36327723909,f9616f000a8ecac9197818129417f9ca56f5adc4,,2026-09-27T14:56:26Z,2026-09-21,36327723674,success,36327762729,success,success,20.25,0.63,1,0,1,0.0,0,0.59,0.43
36329056912,f9616f000a8ecac9197818129417f9ca56f5adc4,,2026-09-27T14:56:26Z,2026-09-21,36327723674,success,36329132224,success,success,23.8,1.22,1,0,1,0.0,0,0.56,0.67
36327747764,2436de1d103fb02f80268affe543430783d481ec,,2026-09-27T14:56:51Z,2026-09-21,36327747643,success,36327787873,success,success,4.38,0.65,1,0,1,0.0,0,0.59,0.51
36328028487,2436de1d103fb02f80268affe543430783d481ec,,2026-09-27T14:56:51Z,2026-09-21,36327747643,success,36328072608,success,success,5.95,0.63,1,0,1,0.0,0,0.54,0.53
36332353491,c90c8210dfe228cc13ebb60da7add2de829c334e,,2026-09-27T16:12:11Z,2026-09-21,36332353288,success,36333915318,failure,failure,28.32,25.12,21,21,8,23.72,332.62,333.33,3.06
36334256730,73a366a8b69582e8280516a27f2e99204ff858b6,,2026-09-27T16:42:56Z,2026-09-21,36334256572,failure,36335733469,success,cancelled,24.28,24.13,21,21,8,23.37,317.38,317.98,0.05
36335600084,752418218c6213ecd30097770261f49742e76aca,,2026-09-27T17:05:00Z,2026-09-21,36335599818,failure,36337293086,success,success,28.03,26.97,10,10,5,26.2,114.18,114.82,1.39
36335693849,6131a0c86ad3965612bdba9fc23cd231e7db478a,,2026-09-27T17:06:27Z,2026-09-21,36335693770,success,36337505444,failure,failure,32.13,28.95,21,21,8,26.65,325.93,326.54,3.05
36337849383,c0033a388ac94528c92118fb09461969d7fb0a4c,,2026-09-27T17:41:02Z,2026-09-21,36337849228,success,36339798425,success,success,32.83,31.6,21,21,8,30.78,345.7,346.38,1.38
36341070586,0ecc69db021d7e8a374c5e0dc4d8e5fce9412b5d,,2026-09-27T18:33:08Z,2026-09-21,36341070500,success,36343026325,success,success,33.23,31.7,19,19,7,30.85,326.88,327.6,1.63
36344501612,824f099516e98c44df32aff4661fa50e452d6d8c,,2026-09-27T19:28:58Z,2026-09-21,36344501490,cancelled,36344766949,failure,failure,13.3,4.17,32,32,15,3.42,105.75,106.41,3.14
36345140344,f44aa947b66c099a743ec556fc9bdb3767cd5f24,,2026-09-27T19:39:13Z,2026-09-21,36345140016,success,36346601081,success,success,26.5,24.15,10,10,5,23.35,115.82,116.51,1.57
36345204095,6e4e72d0038b2ddf5a93c4841f772d7f046eed61,,2026-09-27T19:40:15Z,2026-09-21,36345203879,success,36345424865,success,success,4.73,3.65,1,1,1,2.95,2.95,3.51,1.53
36345309853,982fb446c45f061fb8488bf062fe71d9822afb7c,,2026-09-27T19:42:00Z,2026-09-21,36345309655,cancelled,36345430787,success,cancelled,2.15,2.0,32,32,15,1.17,29.61,30.28,0.05
36345331336,59a03718a815f4e267adb27241d9b21ba67c1990,,2026-09-27T19:42:21Z,2026-09-21,36345331170,success,36346381193,success,success,19.1,17.68,5,5,2,16.77,57.99,58.62,1.83
36345391392,226529300b47daed9fc760e10f6753c33253433e,,2026-09-27T19:43:23Z,2026-09-21,36345391077,cancelled,36346534836,success,cancelled,19.12,18.98,32,32,15,16.85,371.28,372.02,0.05
36346488201,8c0f8c2a583497f23e7a0446662a0e7b97adcff7,,2026-09-27T20:01:41Z,2026-09-21,36346488166,failure,36347858972,success,cancelled,22.07,21.9,32,32,15,20.35,407.07,407.76,0.07
36346767781,adf7250860b99a93801e9c9970d8ac03ad4a83dc,,2026-09-27T20:05:58Z,2026-09-21,36346767510,success,36347053161,failure,failure,23.28,4.58,16,16,8,3.42,36.31,36.9,3.3
36347818162,74b5cda7122cc631e9584ec7da92ad5d27b84348,,2026-09-27T20:22:56Z,2026-09-21,36347818003,success,36349787897,success,success,33.93,32.22,34,34,17,30.73,458.95,459.67,1.92
36350902171,eec09c6be13775aaed5ff46789aa450ec894f658,,2026-09-27T21:13:16Z,2026-09-21,36350902054,failure,36352585094,success,success,28.73,27.15,19,19,9,26.42,233.43,234.03,2.42
36351314812,ccae9ee6dd2d0a3b7319e28304612aedb69bc2da,,2026-09-27T21:19:45Z,2026-09-21,36351314666,success,36351354882,success,success,4.2,0.57,1,0,1,0.0,0,0.48,0.48
36351315983,a3ddc8720310e6c944c0f172461e416fad8dc183,,2026-09-27T21:19:46Z,2026-09-21,36351315858,success,36351361675,success,success,4.28,0.63,1,0,1,0.0,0,0.55,0.47
36351784137,fe15dd6595a6c07afb9d31e0bcfbab71706fc17a,,2026-09-27T21:27:16Z,2026-09-21,36351783974,cancelled,36351968796,success,cancelled,3.17,3.02,33,33,16,2.25,69.58,70.18,0.07
36351928505,d6a1c701781da8f1495724e78cfa6def93079528,,2026-09-27T21:29:45Z,2026-09-21,36351928176,cancelled,36352235172,failure,failure,18.92,4.85,33,33,16,3.47,110.9,111.65,3.23
36352359316,f16c73aacd87d4806b3bbd7c2eea4cc6d5123597,,2026-09-27T21:36:40Z,2026-09-21,36352359127,failure,36353592488,success,cancelled,21.23,21.12,18,18,5,20.4,305.01,305.55,0.03
36353059924,1a34ce864b88b03899a7fb2fbf6354d60d62d2cd,,2026-09-27T21:48:24Z,2026-09-21,36353059738,cancelled,36353291306,failure,failure,10.08,3.9,33,33,16,3.07,97.5,98.2,3.31
36353560987,ca1849a1347db62d2d6e507b6c0b8e949cb6f653,,2026-09-27T21:57:12Z,2026-09-21,36353560689,success,36355447067,success,success,33.48,31.93,18,18,5,30.65,335.28,335.89,2.0
36353617881,29aaac821437a6f751056fa61732c86f93f1324a,,2026-09-27T21:58:13Z,2026-09-21,36353617618,cancelled,36354724853,failure,failure,22.18,18.43,33,33,16,17.57,375.49,376.22,3.38
36353918554,9b402aa05af8de1ec60ee9d83b098839c6e359e2,,2026-09-27T22:03:10Z,2026-09-21,36353918518,success,36355196892,success,success,30.93,21.6,6,6,3,18.68,62.57,63.17,1.82
36355821801,9b402aa05af8de1ec60ee9d83b098839c6e359e2,,2026-09-27T22:03:10Z,2026-09-21,36353918518,success,36356923946,success,success,53.5,19.65,6,6,3,18.85,59.61,60.3,1.94
36353953007,570485f3bb51147b841806f8d8648811cd95bd07,,2026-09-27T22:03:43Z,2026-09-21,36353952708,success,36355855200,success,success,34.23,32.4,19,19,9,23.83,254.24,254.94,1.95
36354886387,e400188db1bbf4d408731060a128bea05bd76d26,,2026-09-27T22:19:25Z,2026-09-21,36354886282,failure,36356663220,success,success,32.8,31.0,33,33,16,30.08,427.09,427.87,1.95
36356693060,58b4376a35e0214e5bd6fdbf5449c23c4e290b8e,,2026-09-27T22:51:00Z,2026-09-21,36356692927,success,36358414774,success,success,32.27,30.43,36,36,19,29.55,447.36,448.08,1.99
36359015645,04e2d8edcd9ab47a0d3208b653f9183c9b7aa756,,2026-09-27T23:32:06Z,2026-09-21,36359015538,success,36360755894,success,success,32.75,31.4,10,10,2,30.57,216.76,217.48,1.54
36360805205,e3570f1ced8391112c8035a33c92177484dae72d,,2026-09-28T00:04:21Z,2026-09-28,36360805056,success,36362754845,success,success,32.38,30.85,21,21,9,30.05,318.05,318.75,2.05
36371417551,4902231d7fb31cadb1b7ea67f9bcafb46679cfa9,,2026-09-28T02:51:26Z,2026-09-28,36371417376,failure,36373301649,failure,failure,31.57,28.4,14,14,4,27.67,278.15,278.77,3.02
36375895247,f588576b77c2adaca9c2008ddf372182aca0f8bc,,2026-09-28T04:00:13Z,2026-09-28,36375895035,success,36378001169,success,success,31.53,30.17,14,14,4,29.42,280.09,280.69,1.8
36379772477,b6d676d223c325b9ae3d513def5883859c84e1a3,,2026-09-28T04:56:20Z,2026-09-28,36379772254,failure,36381647577,failure,success,27.65,26.33,13,13,6,25.62,185.65,186.27,1.75
36382470895,5c454742beebed6878dcc7f86d622a32b272fcbe,,2026-09-28T05:34:07Z,2026-09-28,36382470594,success,36384315587,failure,success,27.12,25.62,13,13,6,24.8,173.13,173.81,2.03
36383517410,2e0b4419298c47250fcdfb1349fa1b4c9eaedfe4,,2026-09-28T05:48:39Z,2026-09-28,36383517099,success,36383566567,success,success,18.77,0.68,1,0,1,0.0,0,0.62,0.52
36384484992,225dc087ad5c6ce18b1afa989389dbb3b85ca82a,,2026-09-28T06:01:56Z,2026-09-28,36384484842,success,36384542654,success,success,2.68,0.75,1,0,1,0.0,0,0.65,0.66
36384648608,e73edfb6074895c7bd7e25826f4e07f3d0074947,,2026-09-28T06:04:09Z,2026-09-28,36384648374,success,36387223517,success,success,32.67,31.17,18,18,5,30.43,304.96,305.58,1.72
36384856851,cd6bf83c443b4991593b97133d447d45ae784030,,2026-09-28T06:06:48Z,2026-09-28,36384856610,failure,36386463166,success,success,23.2,19.48,6,6,3,18.68,64.99,65.67,1.82
36387024297,a8c9c23a6caccf011cc482be248aa262c4be861a,,2026-09-28T06:32:58Z,2026-09-28,36387024058,success,36387088133,success,success,4.42,0.75,1,0,1,0.0,0,0.66,0.85
36387499225,a8c9c23a6caccf011cc482be248aa262c4be861a,,2026-09-28T06:32:58Z,2026-09-28,36387024058,success,36387546100,success,success,7.13,0.55,1,0,1,0.0,0,0.48,0.73
36388127387,551fe65f822d2824bf5067054867278e7a0c34a8,,2026-09-28T06:46:25Z,2026-09-28,36388126992,success,36390492696,failure,success,28.68,27.07,13,13,6,26.33,180.45,181.08,2.04
36389120458,6e0ad53871f1830cf42e31239486a6330d39536c,,2026-09-28T06:58:08Z,2026-09-28,36389120170,success,36391870166,success,success,32.23,30.72,14,14,4,29.95,292.36,292.99,2.0
36389156982,f7b027c77de8f193fcf77af96792a7f0c7edb4f9,,2026-09-28T06:58:35Z,2026-09-28,36389156649,success,36390891027,success,success,23.38,19.1,6,6,3,18.43,64.75,65.31,1.95
36392072001,4304c23d547ef3a5496ad539282a431973768497,,2026-09-28T07:31:05Z,2026-09-28,36392071633,success,36394500732,success,cancelled,26.3,26.13,14,14,4,24.52,278.96,279.55,0.07
36393012922,9ad112cbf9b76d423c90e2aba7181312c43dbe39,,2026-09-28T07:41:20Z,2026-09-28,36393012538,success,36395702229,failure,success,30.78,28.28,13,13,6,27.43,193.44,194.14,1.65
36394362190,98d3af8ffb57db5bfa74f023ff8136ab0ab94bbd,,2026-09-28T07:55:47Z,2026-09-28,36394361873,success,36397463441,success,success,33.13,31.6,14,14,4,27.68,281.65,282.4,2.09
36395558541,adb8e6e2b5e01664ec1e3efdd60091c00e0ea03d,,2026-09-28T08:08:13Z,2026-09-28,36395558586,success,36398882627,success,cancelled,33.55,33.4,10,10,2,32.6,205.91,206.52,0.05
36398257700,87108c3e33889c4629b84c97f51e523c5533faa1,,2026-09-28T08:35:26Z,2026-09-28,36398257449,success,36401393125,success,success,32.25,30.98,14,14,4,30.07,284.91,285.66,1.45
36398770996,85ad2c17cc3a25b45d652ec52c60e312078f2f43,,2026-09-28T08:40:32Z,2026-09-28,36398770393,success,36402229133,success,success,35.55,33.95,10,10,2,32.08,208.76,209.46,1.73
36402292464,86735cbd29886f15307d07fe3b4684133b1ca993,,2026-09-28T09:15:07Z,2026-09-28,36402292116,cancelled,36402843153,success,success,8.5,5.12,2,2,2,4.25,7.1,7.79,1.77
36403144560,bb5d2df141158afabcf19db4167408d73a1c9e9d,,2026-09-28T09:23:04Z,2026-09-28,36403143776,success,36403686866,success,success,22.38,5.03,2,2,2,4.15,6.42,7.2,1.56
36405841571,bb5d2df141158afabcf19db4167408d73a1c9e9d,,2026-09-28T09:23:04Z,2026-09-28,36403143776,success,36406357601,success,success,31.72,5.03,2,2,2,3.88,6.61,7.28,1.59
36413444332,e6a70f918e458ca87d77637f02b9bae336a0ecc9,,2026-09-28T11:04:25Z,2026-09-28,36413443967,cancelled,36413801370,success,cancelled,3.67,3.5,26,26,11,2.77,60.1,60.65,0.05
36413702904,a07ffa2e691abcf476f06280d20bf54814736de9,,2026-09-28T11:07:00Z,2026-09-28,36413702631,cancelled,36414307514,success,cancelled,6.02,5.87,26,26,11,4.03,97.85,98.55,0.03
36413806390,475438a5ac6f62ed34952438d657dba0fcb2cb75,,2026-09-28T11:08:01Z,2026-09-28,36413805994,failure,36416649381,success,cancelled,28.5,28.33,22,22,8,27.03,345.39,346.04,0.05
36414212637,18fd41b6aceafbf3a049d9c83567f53348b96723,,2026-09-28T11:11:59Z,2026-09-28,36414212294,cancelled,36414273574,success,cancelled,1.05,0.57,0,0,0,0.0,0,0,0.07
36414268388,18fd41b6aceafbf3a049d9c83567f53348b96723,,2026-09-28T11:11:59Z,2026-09-28,36414212294,cancelled,36417467113,success,success,34.82,32.03,26,26,11,30.85,382.77,383.49,2.14
36416584614,1841355714b24484f987153caba2d51ed7b53e84,,2026-09-28T11:35:45Z,2026-09-28,36416584395,success,36419862264,success,success,33.93,32.2,22,22,8,30.82,359.03,359.69,1.9
36417504103,1475361c2ec33cf10b69a42de8a171772c15754e,,2026-09-28T11:44:57Z,2026-09-28,36417503856,failure,36417615966,success,success,7.42,0.98,1,0,1,0.0,0,0.59,0.65
36423053640,30017ba7188d303308552c525104aa88a76c3ff4,,2026-09-28T12:37:44Z,2026-09-28,36423052753,success,36423655744,success,success,16.75,5.58,2,2,2,4.55,7.43,8.36,1.45
36424770967,88561b24d6c53e1633bf43ed158ac4689c22939c,,2026-09-28T12:53:33Z,2026-09-28,36424770580,success,36424852089,success,success,5.62,0.68,1,0,1,0.0,0,0.58,0.58
36427630981,9a2f83327ca485d44d42c4f84f59958fd34437a6,,2026-09-28T13:18:02Z,2026-09-28,36427630442,success,36431421404,success,success,33.37,31.78,6,6,2,31.05,123.99,124.62,1.97
36431466431,9a2f83327ca485d44d42c4f84f59958fd34437a6,,2026-09-28T13:18:02Z,2026-09-28,36427630442,success,36435507768,success,success,66.15,32.4,6,6,2,31.38,133.47,134.35,2.61
36436158255,864b8612218fc0639fdc5379bf88c3a24b46fdbc,,2026-09-28T14:27:49Z,2026-09-28,36436157713,failure,36440280507,success,success,33.97,32.62,6,6,2,31.8,150.82,151.49,1.78
36437812016,9fa3a290f8396b790bc6694bdc4b2ec1fc5287cc,,2026-09-28T14:40:58Z,2026-09-28,36437811585,cancelled,36437912658,success,cancelled,1.97,0.78,1,1,1,0.03,0.03,0.61,0.05
36437873011,a8fa05c02e00a8e60e257022bd2ecd32657cdfa9,,2026-09-28T14:41:29Z,2026-09-28,36437872471,cancelled,36439313118,success,cancelled,11.58,11.4,1,1,1,10.33,10.33,10.94,0.07
36439167620,57a868d55467738601d62218a04200601eb17532,,2026-09-28T14:51:46Z,2026-09-28,36439166566,cancelled,36441605617,success,success,23.68,18.95,1,1,1,17.05,17.05,17.68,1.51
36440485002,35d8c07276519d98e1a1b327eee7f8f88f743d26,,2026-09-28T15:02:01Z,2026-09-28,36440484516,success,36444569557,success,success,33.4,32.1,6,6,2,31.23,151.8,152.48,2.12
36442056454,dea0c02cdeb7e840e609cd2cc421302d12a5b769,,2026-09-28T15:14:25Z,2026-09-28,36442054779,failure,36444787237,success,success,24.95,21.32,1,1,1,20.32,20.32,21.23,2.64
36443582245,77fa46c9db2b013e7d7d67d46415c53f9425126f,,2026-09-28T15:26:22Z,2026-09-28,36443581776,cancelled,36444538937,success,cancelled,7.68,7.5,13,13,4,6.57,81.89,82.61,0.07
36444403205,09307f74a3e97200713c57da5aa9a3a995371ee7,,2026-09-28T15:32:51Z,2026-09-28,36444402860,failure,36447662412,failure,failure,29.4,25.92,13,13,4,24.1,246.44,247.11,3.33
36447391857,cc0ac38cf673d4a06ec8204f4541e65567ad1e34,,2026-09-28T15:56:35Z,2026-09-28,36447391466,success,36450200672,success,success,24.07,22.93,1,1,1,21.93,21.93,22.78,1.61
36451475557,eec6562888661e876c725ad3d949bae112bb4fb4,,2026-09-28T16:30:04Z,2026-09-28,36451474894,success,36455186642,failure,failure,34.65,31.18,13,13,4,30.37,255.57,256.2,3.29
36454878605,21f0ccff08b60bece8ee03b87df19ec3366e5b22,,2026-09-28T16:58:42Z,2026-09-28,36454877952,failure,36457085031,failure,failure,22.88,18.78,21,21,9,17.83,301.94,302.74,3.14
36455838039,120b36923bbac46cdb5716341cfde86c41b32c34,,2026-09-28T17:06:54Z,2026-09-28,36455837786,success,36459622992,success,success,33.58,32.07,13,13,4,31.25,249.33,249.98,1.63
36457742386,bf92cebf76aa72d5272ac4f0bedadce875fdb1da,,2026-09-28T17:23:09Z,2026-09-28,36457740291,success,36461034632,success,success,29.52,27.7,5,5,2,26.88,100.42,101.12,2.39
36462052110,4c8dcda1a3f4973284f9eaa25d3ccb2bafba8d6c,,2026-09-28T17:59:39Z,2026-09-28,36462051817,cancelled,36464287204,failure,failure,24.48,18.93,21,21,9,16.62,287.93,290.13,3.56
36464895360,e763a0c1c931ff8f92ca2280bae0c5dd12634ff2,,2026-09-28T18:23:53Z,2026-09-28,36464894622,failure,36468246415,success,cancelled,28.62,28.42,21,21,9,26.62,368.8,369.9,0.08
36468050802,5498ba868b45f0bd76028535d442c6acd9f12959,,2026-09-28T18:50:40Z,2026-09-28,36468050167,success,36471984841,success,success,34.98,33.52,21,21,9,30.87,342.94,343.83,1.58
36470702928,755d929d31cb3ea284fead2d3818da6eef247877,,2026-09-28T19:13:15Z,2026-09-28,36470702625,action_required,,,action_required,,0.0,0,0,0,0.0,0,0,0.0
36471773814,1a8979b3ccb803858b1b43223d200f7b462e3421,,2026-09-28T19:22:24Z,2026-09-28,36471773365,failure,36472112322,failure,failure,3.77,2.85,0,0,0,0.0,0,0,0.75
36472958982,306f22bd88f1ff573b4982c7160a2bf4f3aed6d8,,2026-09-28T19:32:36Z,2026-09-28,36472958233,success,36476132798,success,success,28.98,27.72,5,5,2,26.83,95.97,96.68,1.85
36479304757,596168f8db135a683fa25e1497cdbb3f562d5802,,2026-09-28T20:27:18Z,2026-09-28,36479304500,success,36479402796,success,success,5.02,0.78,1,0,1,0.0,0,0.71,0.43
36522121414,596168f8db135a683fa25e1497cdbb3f562d5802,,2026-09-28T20:27:18Z,2026-09-28,36479304500,success,36522168248,success,success,487.13,0.57,1,0,1,0.0,0,0.54,0.69
36482248240,0b88873e3fe5363d48f94f524d872957cab33d1d,,2026-09-28T20:52:27Z,2026-09-28,36482247898,cancelled,36483480637,success,cancelled,10.98,10.75,6,6,3,9.03,45.48,46.1,0.07
36483302960,1cf362c8c79c88ceb3353b7c258de336c9f31514,,2026-09-28T21:01:40Z,2026-09-28,36483302688,success,36485598979,success,cancelled,20.38,20.23,6,6,3,17.83,92.01,92.67,0.05
36485398267,631621519d6019c56b460e2f4a1b1e7d9b469f74,,2026-09-28T21:20:08Z,2026-09-28,36485397912,success,36488607328,success,success,31.3,29.15,6,6,3,26.53,104.0,104.7,2.65
36488796428,631621519d6019c56b460e2f4a1b1e7d9b469f74,,2026-09-28T21:20:08Z,2026-09-28,36485397912,success,36491658060,success,success,60.53,27.93,6,6,3,26.97,113.91,114.56,2.08
36486519255,79a90ae92104ad2f23208f711ca2ee93fc0ac9c2,,2026-09-28T21:30:14Z,2026-09-28,36486518897,success,36486599068,success,success,3.18,0.63,1,0,1,0.0,0,0.54,0.5
36488857075,fb6e655d7e8edee29a387876ad66f34895132dcf,,2026-09-28T21:51:44Z,2026-09-28,36488856939,success,36488937774,success,success,2.95,0.72,1,0,1,0.0,0,0.59,0.55
36491416645,c06321d1a5287ac3bfc2cf69b92894fabde9b02b,,2026-09-28T22:16:39Z,2026-09-28,36491415971,success,36494822961,success,success,37.05,34.83,18,18,7,34.03,326.58,327.31,2.75
36493260027,efbf050b18ba9debfbde8ad03f0e2fb5d5f21b53,,2026-09-28T22:35:12Z,2026-09-28,36493258854,failure,36493912475,failure,failure,23.47,6.63,25,25,9,5.3,118.92,119.57,3.02
36496025326,45e05167e97476f50d92ed396f83c62421ba646a,,2026-09-28T23:04:36Z,2026-09-28,36496024889,success,36496809772,failure,failure,18.67,8.57,25,25,9,7.63,179.06,179.81,3.02
36498972402,c620f78f95cefdd717caa9ae82a36887cba5999c,,2026-09-28T23:37:22Z,2026-09-28,36498971923,success,36502123435,success,success,38.85,37.33,25,25,9,36.58,388.64,389.23,2.08
36502394954,c620f78f95cefdd717caa9ae82a36887cba5999c,,2026-09-28T23:37:22Z,2026-09-28,36498971923,success,36505407930,success,success,79.45,37.15,25,25,9,36.23,406.48,407.21,2.17
36503934753,b316d5a41541d2b49dc7b1774732dfd25a245961,5326,2026-09-29T00:36:37Z,2026-09-28,36503934423,success,36504502842,failure,failure,23.07,7.12,6,6,3,5.73,34.02,34.66,3.03
36522624127,024ce2497ed8f6cddecb8dac1fe0f8e33478ed37,,2026-09-29T04:39:53Z,2026-09-28,36522624016,success,36524782644,success,success,30.07,28.7,6,6,3,27.33,120.36,121.01,1.55
36524650849,6fd5b90a7cb732d8eaa65ea43642a92dbfeb6b9b,,2026-09-29T05:06:54Z,2026-09-28,36524650688,success,36527116530,success,success,33.13,31.53,18,18,7,30.75,320.98,321.64,2.07
36528547154,7c81bef0ee7b06773c5c472a5521169ea1da268f,,2026-09-29T05:56:18Z,2026-09-28,36528546885,success,36531384635,success,success,35.57,33.8,18,18,7,33.03,338.58,339.25,1.64
36529479217,7e55618eb5673c0c75bfc4377e811ff298688472,5326,2026-09-29T06:07:32Z,2026-09-28,36529479001,failure,36531730208,failure,failure,29.92,26.43,6,6,3,25.5,116.08,116.78,3.34
36530184613,ccd7aa7769714589c105778a12c3e289d801df28,,2026-09-29T06:15:52Z,2026-09-28,36530184342,cancelled,36530740726,success,cancelled,6.83,6.68,12,12,5,5.93,70.7,71.28,0.05
36530686987,e5e464f95023dad76e39136ae2f25856874e8bfb,,2026-09-29T06:21:56Z,2026-09-28,36530686676,failure,36532513207,failure,failure,24.47,20.88,12,12,5,19.47,186.56,187.23,3.43
36530720787,1f74a64b2a1a89ad01647eca3e60f154442d908c,,2026-09-29T06:22:20Z,2026-09-28,36530720596,success,36533573768,success,success,33.73,32.18,9,9,2,31.28,185.75,186.48,1.34
36532954781,f5652f1a4fdb8cebb578cfecadbdfbe490f26671,,2026-09-29T06:47:42Z,2026-09-28,36532954606,success,36536202675,success,success,35.75,34.35,10,10,2,33.58,213.4,214.02,1.84
36535756125,607dae81024f8005832b78a92930aa4bab79b80a,,2026-09-29T07:17:28Z,2026-09-28,36535755992,success,36537944845,failure,failure,25.47,22.03,25,25,9,21.12,352.24,353.01,3.3
36536216042,521e9508040c4c2f86ecbf64f87e10dd295e6fce,,2026-09-29T07:22:13Z,2026-09-28,36536215515,success,36539031733,success,failure,29.63,28.17,12,12,5,27.3,207.93,208.65,1.9
36538473101,9007cad4afc799abb509c0e15d4c09d1b2e483f7,5326,2026-09-29T07:44:51Z,2026-09-28,36538472738,success,36540586052,failure,failure,24.57,20.92,14,14,7,20.08,194.06,194.74,3.44
36538709383,1c74cdc65d85493020d18391da036020af4f7c73,,2026-09-29T07:47:11Z,2026-09-28,36538708525,success,36542244973,success,success,36.57,34.65,25,25,9,33.78,396.11,396.86,1.7
36540767902,6dd8c78e63c205ed6c5b0d5fea32b7fb63800466,,2026-09-29T08:07:32Z,2026-09-28,36540767575,success,36543611345,success,success,28.68,27.2,12,12,5,26.38,194.17,194.86,2.02
36541002722,b54fac2f92fe64a8ffa8cef9c1cffbeb3e0649fd,,2026-09-29T08:09:50Z,2026-09-28,36541002337,success,36543760001,success,cancelled,26.47,26.27,10,10,2,25.48,182.9,183.47,0.07
36541182863,085e41051e8d6634058e67fd37cf0b242ba5ddf8,5326,2026-09-29T08:11:33Z,2026-09-28,36541182614,success,36544214532,success,failure,30.55,28.88,14,14,7,28.17,206.03,206.58,2.19
36543690012,ecb8b6423c85383e222b39010e4c124fc96df818,,2026-09-29T08:35:29Z,2026-09-28,36543689481,success,36547511491,success,success,36.85,35.58,10,10,2,34.15,237.08,237.78,1.8
36545112300,9fc88de8ed2c231d18020f2e1ac9a8fbb4080679,,2026-09-29T08:48:55Z,2026-09-28,36545112288,cancelled,36545428226,success,cancelled,3.12,2.95,13,13,6,2.15,26.75,27.37,0.07
36545354433,2c89b64cf1c68ba3b229f2a7111da8aaf36f9f4a,,2026-09-29T08:51:13Z,2026-09-28,36545354169,cancelled,36546082634,success,cancelled,6.98,6.83,13,13,6,5.3,60.28,60.99,0.05
36545892059,15d83b72549f8cc1985a651f08cb4425be2eb864,,2026-09-29T08:56:16Z,2026-09-28,36545891353,action_required,,,action_required,,0.0,0,0,0,0.0,0,0,0.0
36545939241,b21b6080c1b9324fa08b7b3af2d40cfcaa4f30e5,,2026-09-29T08:56:43Z,2026-09-28,36545938808,success,36549040446,success,success,29.87,28.4,5,5,1,27.62,120.59,121.24,1.6
36545951506,e815bd265f4fcf00c37c0c5cb4bd4afc19c1a838,,2026-09-29T08:56:50Z,2026-09-28,36545951182,cancelled,36547214061,success,cancelled,11.67,11.52,13,13,6,9.55,113.38,113.96,0.05
36547121825,18743e502596a5321a7862941de640638f7a1bb4,,2026-09-29T09:07:34Z,2026-09-28,36547121051,failure,36550768891,success,cancelled,33.88,33.72,13,13,6,32.12,230.07,230.72,0.05
36549175488,37eacd03d22c1f1951de87795da81c750a76faa8,,2026-09-29T09:26:22Z,2026-09-28,36549174847,success,36553041208,success,success,37.65,35.98,16,16,7,35.18,276.45,277.12,2.32
36550703589,923ef27cf7f1b318208a161e185d8a0a7f303b39,,2026-09-29T09:40:42Z,2026-09-28,36550703084,success,36554641562,success,success,39.85,36.7,18,18,7,35.35,370.93,371.61,2.2
36554678958,923ef27cf7f1b318208a161e185d8a0a7f303b39,,2026-09-29T09:40:42Z,2026-09-28,36550703084,success,36559076995,success,success,81.37,42.72,18,18,7,36.03,359.12,359.76,2.11
36553736315,9b33a50116fa2700321061e4dfb981434fb9f017,,2026-09-29T10:08:52Z,2026-09-28,36553736289,success,36557688596,success,success,39.58,38.08,16,16,7,37.23,267.05,267.75,2.03
36554692439,75037ae87ba2ff521e70a8dc64023c7e51672f25,,2026-09-29T10:17:57Z,2026-09-28,36554692013,success,36557647673,success,success,31.97,28.58,12,12,5,26.72,193.76,194.41,1.84
36557246696,f24b0286e004ee0e34693938b042dbd01f50146f,,2026-09-29T10:42:45Z,2026-09-28,36557246338,failure,36559163016,success,success,24.1,18.58,2,2,1,17.7,29.72,30.4,1.87
36559988166,40d53aff63331cf9f2002cf6046b54610c158491,,2026-09-29T11:09:26Z,2026-09-28,36559987829,failure,36561899654,success,success,24.18,18.38,2,2,1,17.53,34.4,35.14,1.62
36563030021,d56e5e76da103362db57c17299ee51e15753d1ed,,2026-09-29T11:38:43Z,2026-09-28,36563029539,success,36564463359,success,success,24.0,13.85,2,2,1,13.12,23.09,23.69,1.62
36563732095,5e5554d157169b0da0ee0f23099134f5b46feb2a,,2026-09-29T11:45:34Z,2026-09-28,36563731416,failure,36568145308,success,cancelled,41.27,41.12,12,12,3,40.27,305.33,306.01,0.05
36570058830,4e0ccd7626b512bac920807419858f5f487fedfa,,2026-09-29T12:43:43Z,2026-09-28,36570058675,cancelled,36570569439,success,cancelled,4.57,4.43,12,12,3,3.57,42.64,43.31,0.03
36570492217,f3f1cc89529382fbb31b038dd5f20d61856fe57a,,2026-09-29T12:47:30Z,2026-09-28,36570491592,success,36575459450,success,cancelled,42.02,41.85,12,12,3,40.28,290.58,291.37,0.05
36576861071,618bbae839fe9c393e34b0b614a8afa9270cc2d8,,2026-09-29T13:40:40Z,2026-09-28,36576860502,cancelled,36577357448,success,success,13.78,3.9,1,1,1,3.2,3.2,3.8,1.5
36578570581,618bbae839fe9c393e34b0b614a8afa9270cc2d8,,2026-09-29T13:40:40Z,2026-09-28,36576860502,cancelled,36579282727,success,success,20.83,5.55,1,1,1,4.73,4.73,5.41,1.65
36586567320,4ec943ef2b0e927ae959fcbbb208221f766a280f,,2026-09-29T14:58:06Z,2026-09-28,36586566465,success,36591161975,success,success,38.08,35.75,13,13,6,34.93,234.25,234.96,1.67
36588777501,320991a21861668605943775236e9db4ebad0ea6,,2026-09-29T15:15:16Z,2026-09-28,36588777352,cancelled,36589473504,failure,failure,14.55,5.42,19,19,11,4.05,72.92,73.54,3.23
36590517726,291d2aa533f2226ddc5721c05cf3587ec88e9e63,,2026-09-29T15:28:55Z,2026-09-28,36590517148,cancelled,36592741530,success,cancelled,18.02,17.4,19,19,11,16.55,208.65,209.32,0.05
36590961791,af9170200cf4fa05466496a811181cd1539683ec,,2026-09-29T15:32:21Z,2026-09-28,36590961247,success,36594429211,success,success,28.93,27.42,12,12,5,26.53,203.32,204.06,1.64
36591694957,559cbb1d7c7ae5508b67624428ab68c579522da9,,2026-09-29T15:38:06Z,2026-09-28,36591694689,success,36592559646,success,success,8.05,6.83,1,1,1,3.83,3.83,5.81,2.04
36592257062,bff303bf8fea0496cbf9130b5df2b69c57fa6f5f,,2026-09-29T15:42:33Z,2026-09-28,36592256293,success,36593012464,success,success,7.95,5.93,1,1,1,4.77,4.77,5.55,2.47
36592636425,9d02a939a0e0372f7560b93eee33f8fa4b3e1c93,,2026-09-29T15:45:33Z,2026-09-28,36592634975,cancelled,36595876343,success,cancelled,25.93,25.73,19,19,11,24.1,251.53,252.2,0.07
36595670976,7211ffb0e3b6d974cece084a7aec1ec3ed49e45d,,2026-09-29T16:09:41Z,2026-09-28,36595670498,failure,36597864104,failure,failure,24.72,17.88,19,19,11,15.33,196.17,196.96,3.5
36596401840,a41e1e0be7bfdde6d9ec077a1fd9aa878e44afb8,,2026-09-29T16:15:36Z,2026-09-28,36596401532,success,36600282962,success,success,33.35,31.77,14,14,3,30.87,278.37,279.07,1.5
36599581006,f9a9c763bdd4d09f1e0b0f80fba8eeead57ceedc,,2026-09-29T16:41:40Z,2026-09-28,36599580435,cancelled,36600551654,success,cancelled,8.17,7.95,25,25,12,6.57,153.87,155.04,0.05
36600434941,d822502b58e921b03f4e870854f7db061d4af024,,2026-09-29T16:48:43Z,2026-09-28,36600434142,cancelled,36601789381,failure,failure,15.1,11.28,32,32,13,9.05,241.99,242.76,3.46
36602088156,1b1c2a12a72a93cf2ec3ef5f678f940d5d54b6c6,,2026-09-29T17:02:24Z,2026-09-28,36602087316,cancelled,36603045755,failure,failure,19.3,7.9,32,32,13,6.57,198.75,199.53,3.41
36603269765,f2c887d8895678e02436ea9615cf6e7441ca91d4,,2026-09-29T17:12:14Z,2026-09-28,36603269116,failure,36606806936,success,cancelled,30.05,29.92,19,19,11,29.05,261.44,262.11,0.03
36604318398,15fa85790647f3d66b424528989636c6ed346f72,,2026-09-29T17:21:12Z,2026-09-28,36604317666,failure,36605638267,failure,failure,24.18,11.02,32,32,13,9.07,259.08,260.48,3.4
36606722477,934567679f844cd84151611dc0991971e12eaa20,,2026-09-29T17:41:27Z,2026-09-28,36606722092,success,36610745287,success,success,35.35,33.8,19,19,11,32.27,249.28,250.0,1.32
36614060008,c9a4725eb479e96e8694f05074a7f62d45d7e273,,2026-09-29T18:43:09Z,2026-09-28,36614059138,failure,36617239768,failure,failure,29.98,26.38,35,35,16,25.37,518.0,518.87,3.45
36618297686,52525ced27b38b3cdf7df87c359bc80395ed26a7,,2026-09-29T19:18:26Z,2026-09-28,36618297365,failure,36620866667,failure,failure,25.67,21.63,35,35,16,20.33,477.77,478.5,3.88
36623076262,23297d95151f68f56d4176ab838a1696b18cd390,,2026-09-29T19:59:01Z,2026-09-28,36623075722,cancelled,36623380378,success,cancelled,2.58,2.43,7,7,1,1.53,10.59,11.26,0.05
36623170528,d3f199c5635c7b52ddbcfcd80a94965364868e0e,,2026-09-29T19:59:50Z,2026-09-28,36623169750,success,36627329668,success,success,36.9,34.9,7,7,1,32.48,205.36,206.12,1.8
36634008933,d3f199c5635c7b52ddbcfcd80a94965364868e0e,,2026-09-29T19:59:50Z,2026-09-28,36623169750,success,36637515702,success,success,127.6,33.0,7,7,1,32.15,190.32,191.03,1.23
36624287866,67707421f4ef802b532316e407cd1ef6f4795494,,2026-09-29T20:09:00Z,2026-09-28,36624287159,failure,36628300170,success,cancelled,34.08,33.88,7,7,4,32.97,143.43,144.15,0.07
36625447200,4dfc35c248d7bb8501853537e1b7937bc9c0034e,,2026-09-29T20:18:43Z,2026-09-28,36625447301,cancelled,36625539846,success,cancelled,1.65,0.73,1,0,1,0.0,0,0.57,0.07
36625490658,f320df1d9d65c1e92acab310fba1d0a353c31afc,,2026-09-29T20:19:05Z,2026-09-28,36625489826,success,36629851107,success,success,38.88,37.03,1,1,1,35.28,35.28,36.54,1.63
36626248619,24bd953100d513445add3d114242061b6cf23f54,,2026-09-29T20:25:33Z,2026-09-28,36626248232,failure,36629489748,failure,failure,30.82,27.45,33,33,14,25.37,494.77,495.62,3.17
36627838850,2e9620932a13e8ea12e999d05bbd16c564d661e3,,2026-09-29T20:39:04Z,2026-09-28,36627838513,failure,36628893533,failure,failure,21.3,8.87,15,15,6,7.8,107.58,108.48,3.08
36628206263,3b70e743cf1bee435110e588fdb91d07309338cd,,2026-09-29T20:42:09Z,2026-09-28,36628205745,success,36633753353,success,success,50.18,48.52,7,7,4,46.95,140.92,141.62,2.21
36634134996,3b70e743cf1bee435110e588fdb91d07309338cd,,2026-09-29T20:42:09Z,2026-09-28,36628205745,success,36637767923,success,cancelled,86.43,34.35,7,7,4,32.82,150.11,150.8,0.03
36630197039,a4eab63dba102c496bd6c38925734a842dd4ff11,,2026-09-29T20:59:18Z,2026-09-28,36630196649,failure,36634093669,success,cancelled,34.6,34.4,33,33,14,32.88,487.78,489.09,0.07
36633839712,a4eab63dba102c496bd6c38925734a842dd4ff11,,2026-09-29T20:59:18Z,2026-09-28,36630196649,failure,36637143183,failure,failure,66.85,31.03,33,33,14,27.4,502.95,503.8,3.52
36637642793,d8f3a17ee246a80567390c505afa03ead4085589,,2026-09-29T22:07:15Z,2026-09-28,36637642557,cancelled,36638766354,success,cancelled,11.15,11.0,7,7,4,9.05,60.5,61.08,0.03
36638601665,b951bbcd5da67a7664d2a10b6cbbbfb0df2cb804,,2026-09-29T22:16:39Z,2026-09-28,36638601442,success,36642350548,success,success,40.17,38.53,7,7,4,36.07,153.44,154.15,1.78
36638837686,0a40bd0b988ffa55d8784139a15608ccb7bda18b,,2026-09-29T22:19:01Z,2026-09-28,36638837623,success,36642201219,success,success,36.08,34.53,33,33,14,32.62,490.05,490.82,2.07
36640116555,9a379afbafaebc77da3048c56c02fec8bb41c361,,2026-09-29T22:31:56Z,2026-09-28,36640116577,cancelled,36640959129,success,cancelled,8.73,8.57,15,15,6,7.78,105.04,105.66,0.05
36640779672,605d34347a56b6c427897217a9b509f13f19fc0c,,2026-09-29T22:38:41Z,2026-09-28,36640779428,failure,36641910810,failure,failure,23.97,11.75,15,15,6,9.07,123.47,124.21,3.41
36644014612,974913c781ada0ff4d77b4cd6e0ca13b1538ed52,,2026-09-29T23:13:20Z,2026-09-28,36644014229,cancelled,36644244534,success,cancelled,2.58,2.45,33,33,14,1.55,46.25,46.88,0.05
36644108868,0a940b1619db24f19004a950b429160fd3d4357d,,2026-09-29T23:14:22Z,2026-09-28,36644108703,failure,36647114398,success,cancelled,34.05,33.92,33,33,14,31.62,538.86,539.58,0.03
36645461660,3d29733d488874f7ff4a5371a2efb42ce883920a,,2026-09-29T23:29:15Z,2026-09-28,36645461299,cancelled,36645525396,success,cancelled,1.57,0.7,14,14,4,0.03,0.3,0.82,0.08
36645498899,e2fc90d73713bf7a8a5dfabba7343c7a632de136,,2026-09-29T23:29:41Z,2026-09-28,36645498572,success,36648288501,success,success,33.9,32.6,14,14,4,31.52,298.4,299.07,1.12
36646232308,b049ca7bcc76d777a05b8d3ca30497a075fdfc7a,,2026-09-29T23:37:57Z,2026-09-28,36646232105,failure,36648554805,success,cancelled,27.55,27.42,15,15,6,26.62,215.13,215.75,0.03
36646984924,d891ad2c5bd980ae36655ff7804504c8fdb53e96,,2026-09-29T23:46:47Z,2026-09-28,36646984705,success,36651372680,success,success,54.5,52.48,33,33,14,48.52,545.48,546.21,2.28
36648496211,c5eee53109b6b9f094a72847a09e7afd2894aeb2,,2026-09-30T00:04:46Z,2026-09-28,36648495926,success,36650860081,success,success,29.63,28.02,15,15,6,26.63,225.14,225.83,1.77
36651847812,6fe7e4b4da5f6379acca7e6d8f027bcff1dfb5de,,2026-09-30T00:45:15Z,2026-09-28,36651847446,success,36655800213,success,success,51.22,49.63,33,33,14,48.73,549.97,550.72,2.12
36670564542,449387251733d0095ad797234e829094ef79634a,,2026-09-30T04:49:15Z,2026-09-28,36670564288,cancelled,36671213861,success,cancelled,9.22,8.47,14,14,4,7.6,97.21,97.87,0.65
36671161568,377bb9a7446afaa8251c4793faf45c4461d35bd0,,2026-09-30T04:57:03Z,2026-09-28,36671161264,success,36673728410,success,success,34.63,33.47,14,14,4,31.98,265.44,266.14,0.98
36673592591,cf98874e7dfe20d21c80f9c5655892251c36e223,,2026-09-30T05:28:51Z,2026-09-28,36673592331,success,36673659975,success,success,5.37,0.85,1,0,1,0.0,0,0.8,0.47
36674192461,4f5f6d852f482dd2bad3987a2e30e0e43e37f63e,,2026-09-30T05:36:33Z,2026-09-28,36674192185,success,36674485051,failure,failure,25.93,3.82,40,40,21,2.93,106.78,107.51,3.46
36674554919,303ed7547cf8db06ee152a64379dd53499bdb813,,2026-09-30T05:41:19Z,2026-09-28,36674554851,success,36674608334,success,success,3.95,0.67,1,0,1,0.0,0,0.58,0.43
36674724745,ffa30355716d23fb1e54e5deb2a1582cdbb869f0,,2026-09-30T05:43:33Z,2026-09-28,36674724409,success,36674775992,success,success,4.28,0.6,1,0,1,0.0,0,0.5,0.4
36675270582,ffa30355716d23fb1e54e5deb2a1582cdbb869f0,,2026-09-30T05:43:33Z,2026-09-28,36674724409,success,36675322688,success,success,8.38,0.62,1,0,1,0.0,0,0.57,0.63
36674990276,c2f751cf3fe7c0cac1a03bf402cf4a2d64961411,,2026-09-30T05:46:54Z,2026-09-28,36674989943,success,36675074118,success,success,24.25,1.05,1,0,1,0.0,0,0.69,0.64
36676992187,c2f751cf3fe7c0cac1a03bf402cf4a2d64961411,,2026-09-30T05:46:54Z,2026-09-28,36674989943,success,36677047605,success,success,26.23,0.62,1,0,1,0.0,0,0.55,0.78
36675694290,4c94f39ba609aefb8157fe703a12db7839a58ec8,,2026-09-30T05:55:51Z,2026-09-28,36675693911,success,36676015066,success,success,18.33,4.17,1,1,1,3.38,3.38,4.03,1.92
36675820362,e0ecdd5dcfd874ef1966986ad91e067e4cd45904,,2026-09-30T05:57:28Z,2026-09-28,36675820092,success,36675878399,success,success,4.62,0.7,1,0,1,0.0,0,0.67,0.54
36678039129,60c3e7bb6de30342f4926689bd71eb82821d4bf0,,2026-09-30T06:24:13Z,2026-09-28,36678038948,success,36681282894,success,cancelled,36.48,36.33,40,40,21,35.48,555.59,556.21,0.05
36678103770,42a23d631f50be91929796b59989e675727e562f,,2026-09-30T06:24:59Z,2026-09-28,36678103508,success,36681422964,success,success,38.85,37.05,17,17,6,32.18,339.41,340.05,2.32
36678111465,af98d6a32d5b77d167e4cce93d6f9da04726cbbe,,2026-09-30T06:25:04Z,2026-09-28,36678110938,success,36678260536,success,success,7.08,1.7,1,0,1,0.0,0,0.68,1.01
36681204214,24a502f3cfa44981780a4c7ad7ef2528a3345707,,2026-09-30T06:59:49Z,2026-09-28,36681204067,cancelled,36681921641,success,cancelled,7.7,7.57,40,40,21,5.93,206.73,207.43,0.05
36681823850,fa4b7694b0c437cbab1736c6f065bcb6ca61dec4,,2026-09-30T07:06:22Z,2026-09-28,36681823417,success,36686488836,success,success,50.97,48.57,40,40,21,46.63,570.72,571.54,2.18
36681884721,07ea522abfc0b886545c4c4d354047e316536c57,,2026-09-30T07:07:01Z,2026-09-28,36681884486,success,36685021137,success,success,34.73,33.05,17,17,6,32.27,350.84,351.51,2.25
36683584969,248fd65721b7ff60d083dbc4e992562e116771b6,,2026-09-30T07:25:16Z,2026-09-28,36683584633,success,36683658919,success,success,24.18,0.73,1,0,1,0.0,0,0.66,0.52
36683627989,ac0f3e076f20ca9b4fe97dde7c3098c0d562ffc4,,2026-09-30T07:25:45Z,2026-09-28,36683627756,success,36683699675,success,success,4.3,0.7,1,0,1,0.0,0,0.6,0.5
36685256787,d9e1a015c8f7ca7daca34ac6b5b152a5a1f11db7,,2026-09-30T07:42:32Z,2026-09-28,36685256552,success,36688694506,success,failure,35.57,33.92,13,13,3,33.1,274.93,275.59,2.18
36685829258,439f0166a6b42205e20bed1142e6899d48c0bad0,,2026-09-30T07:48:20Z,2026-09-28,36685829013,cancelled,36685921351,success,cancelled,1.8,0.85,2,2,1,0.05,0.1,0.72,0.07
36685876540,94c897755135b16014a1a3579c363152063deb68,,2026-09-30T07:48:48Z,2026-09-28,36685876121,success,36687918622,success,success,24.7,20.1,2,2,1,18.9,31.28,32.0,2.02
36695370908,007586f3efa42ee62db693b325ab2308acb5f408,,2026-09-30T09:19:23Z,2026-09-28,36695370453,success,36695440202,success,success,4.42,0.62,1,0,1,0.0,0,0.6,0.56
36697299325,8537388d1790558142f6661cb5c819cce6db4585,,2026-09-30T09:37:34Z,2026-09-28,36697299004,cancelled,36697894563,success,cancelled,6.3,5.62,14,14,4,4.05,54.74,55.46,0.07
36697871651,45f44c37ade00ea2bc198cfb8174570a067e841d,,2026-09-30T09:43:00Z,2026-09-28,36697871280,cancelled,36698415464,failure,failure,10.38,5.03,14,14,4,4.03,55.07,55.79,3.2
36698927834,8f96e113c993ff297230ef3d33826daf9ac7a745,,2026-09-30T09:52:55Z,2026-09-28,36698927538,failure,36702060338,success,cancelled,30.05,29.92,14,14,4,29.08,285.35,285.96,0.03
36699471822,9e5029624797ff78791b20bcb8851895f132afe7,,2026-09-30T09:58:05Z,2026-09-28,36699471177,success,36702252881,success,success,27.82,26.58,5,5,2,25.78,95.32,96.0,1.68
36701905024,b0375901adc538d189dd876953b2f4087993048d,,2026-09-30T10:21:22Z,2026-09-28,36701904760,success,36705313995,success,success,35.07,33.6,14,14,4,31.3,295.89,296.62,1.87
36705446317,b0375901adc538d189dd876953b2f4087993048d,,2026-09-30T10:21:22Z,2026-09-28,36701904760,success,36708812279,success,success,72.7,32.7,14,14,4,31.63,287.75,288.48,2.09
36704417245,e6e722720defdb73ab4931faf311d7c01aa3f13c,,2026-09-30T10:46:05Z,2026-09-28,36704416825,failure,36708122676,success,cancelled,36.32,36.15,9,9,4,35.3,161.87,162.5,0.05
36706405604,cc13e96d038f407cb8c24cbab8a03360ebf1e23e,,2026-09-30T11:05:42Z,2026-09-28,36706405261,failure,36707169523,failure,failure,20.28,7.37,33,33,14,5.45,167.98,168.85,3.1
36707593112,c793666675f7c6bc842562111a18c24d5ce0dd31,,2026-09-30T11:17:09Z,2026-09-28,36707592723,cancelled,36708116164,failure,failure,8.65,4.98,2,2,2,4.05,7.15,7.95,3.47
36707963196,f3f5c25035491ef8f1ea3a7541fdf3fdc7586eca,,2026-09-30T11:20:44Z,2026-09-28,36707962840,success,36713136916,success,success,51.78,50.08,12,12,5,47.72,228.95,229.65,2.05
36708299959,9ffac48eb34ce062b947d785ecb3e7deedf48c0c,,2026-09-30T11:24:00Z,2026-09-28,36708299527,cancelled,36708953726,success,cancelled,9.23,6.32,7,7,4,4.05,27.42,28.1,0.07
36708624057,e1895fd86c8d239581d8005b145d4b43eda78ce2,,2026-09-30T11:27:10Z,2026-09-28,36708623781,failure,36709393557,failure,failure,24.73,7.43,40,40,21,6.57,188.08,188.75,3.38
36708752360,484711b41d4e9f3c2099c4a591c91614010559ed,,2026-09-30T11:28:26Z,2026-09-28,36708752268,success,36712117573,success,success,34.15,32.73,7,7,4,27.18,119.74,120.56,1.84
36714050528,239987413677ac44f59ab77ec1b4af4cfad13795,,2026-09-30T12:20:12Z,2026-09-28,36714050441,success,36714591817,failure,failure,21.48,4.92,40,40,21,4.05,148.57,149.22,3.28
36715285126,f730698c61d54e0d73be818c51f74d46aab8bef5,,2026-09-30T12:31:27Z,2026-09-28,36715284755,failure,36720267377,success,success,45.15,43.4,33,33,14,42.5,583.85,584.58,2.25
36715864301,826569d0d1d90dbc8a0592271d878ddd99cc21e1,,2026-09-30T12:36:36Z,2026-09-28,36715863723,success,36716434769,failure,failure,24.72,5.17,18,18,6,4.05,69.63,70.33,3.33
36718930723,a1bdf93fe460027db8b26410e98be5bfc6eff6c9,,2026-09-30T13:03:35Z,2026-09-28,36723572229,success,36722963250,success,success,63.38,33.63,14,14,4,32.85,286.26,286.95,2.1
36723572467,a1bdf93fe460027db8b26410e98be5bfc6eff6c9,,2026-09-30T13:42:13Z,2026-09-28,36723572229,success,36727903000,success,success,36.27,34.5,14,14,4,33.3,298.48,299.15,2.19
36724401419,f19616f6c516ac802ab9af6c6202306d50af9076,,2026-09-30T13:48:52Z,2026-09-28,36724400852,failure,36725078613,failure,failure,24.03,5.43,38,38,19,4.05,132.77,133.7,3.27
36726327924,670ddd08858762600de890ff5d6ee6da09a8fed4,,2026-09-30T14:04:21Z,2026-09-28,36726327345,success,36732647217,success,success,52.38,49.97,33,33,14,48.28,556.3,557.22,2.15
36727352478,d879ef9504e040961e0dcbe30acd87e41acf8563,,2026-09-30T14:12:29Z,2026-09-28,36727351954,success,36727912317,success,success,24.4,4.28,1,1,1,3.52,3.52,4.19,2.03
36730943666,2c0dada33269da42e54822060538b4784caa5d22,,2026-09-30T14:40:52Z,2026-09-28,36730942884,success,36731593065,failure,failure,24.38,5.12,39,39,20,4.07,146.16,146.98,3.4
36731575543,c9fa25dc376e54414e8ced371ad68990e556865f,,2026-09-30T14:45:53Z,2026-09-28,36731575100,success,36734095341,success,success,23.1,19.75,2,2,1,18.75,29.4,30.23,2.54
36737789158,f27ba36db2bc25d9fa9a2842105cc3ad795763ef,,2026-09-30T15:34:38Z,2026-09-28,36737788342,success,36738307859,success,success,5.85,4.0,1,1,1,3.07,3.07,3.82,4.1
36738492990,4e2abc52159367cef4c5cc8e1878723ea9f76f9d,,2026-09-30T15:40:08Z,2026-09-28,36738492397,success,36742678055,success,success,35.48,33.68,14,14,4,32.8,291.86,292.52,2.35
36742979758,eb2885513d22e12f93acac115321f6b56c6904a8,,2026-09-30T16:16:19Z,2026-09-28,36742978876,failure,36748868222,success,success,50.48,48.73,39,39,20,47.73,588.83,589.62,4.11
36748289117,b97c58327ce3974452adad29e5080361fb024528,,2026-09-30T17:00:14Z,2026-09-28,36748288960,success,36752406976,success,success,36.22,34.62,13,13,3,33.67,270.63,271.41,1.88
36750089282,8a24dc7c15917f5d8e34b1341403f0aedd623cee,,2026-09-30T17:15:27Z,2026-09-28,36750088759,success,36754456975,success,success,38.73,36.5,39,39,20,34.73,567.09,567.92,2.27
36754999787,71063f7732fdac08bfc37150e56da142f8b4cebd,,2026-09-30T17:56:30Z,2026-09-28,36754999636,cancelled,36755588629,failure,failure,8.13,4.92,2,2,2,4.0,7.27,8.02,3.05
36755846763,02e06db2a303842f2d86824b737387771800f5d6,,2026-09-30T18:03:35Z,2026-09-28,36755846277,success,36756516556,success,success,25.42,5.5,2,2,2,4.73,7.6,8.24,5.14
36760727794,746d322d4aa851a37dd10e9f3fab079a0c0374d2,,2026-09-30T18:44:23Z,2026-09-28,36760727193,success,36764578962,success,success,35.25,32.58,14,14,4,31.72,310.87,311.57,2.87
36765357620,4f3a0b82abc6f36004182d558c14b766bf7e9ee7,,2026-09-30T19:23:41Z,2026-09-28,36765356775,success,36765437053,success,success,6.95,0.65,1,0,1,0.0,0,0.56,0.6
36766505856,4f3a0b82abc6f36004182d558c14b766bf7e9ee7,,2026-09-30T19:23:41Z,2026-09-28,36765356775,success,36766604382,success,success,11.2,0.82,1,0,1,0.0,0,0.75,0.5
36765694266,dc7f57cb8d8e1f79d56f26831b0d835afc45d018,,2026-09-30T19:26:34Z,2026-09-28,36765694075,cancelled,36766350632,failure,failure,17.07,5.57,40,40,21,4.07,143.16,143.87,3.05
36767568454,e38d8267c4b5da6e02518c5bb319f63852a88aa1,,2026-09-30T19:42:47Z,2026-09-28,36767567921,cancelled,36768152130,failure,failure,11.57,5.0,40,40,21,4.07,152.58,153.32,3.17
36768819688,065de43e8da33901fae1fac98978ae7aa7a75c17,,2026-09-30T19:53:39Z,2026-09-28,36768819356,success,36773343413,success,success,42.52,38.77,40,40,21,37.82,536.99,537.78,1.69
36768858504,49f1d6f424c73e57db3a0a5c3b7f89dc5c97fa36,,2026-09-30T19:53:59Z,2026-09-28,36768858010,failure,36772455484,success,success,32.55,30.87,5,5,2,28.4,111.09,111.79,1.86
36770281946,66bbaa2de5dc7108f460dfa766ff6e821e573a9b,,2026-09-30T20:06:18Z,2026-09-28,36770281704,success,36770920765,success,success,26.58,5.53,1,1,1,4.67,4.67,5.42,1.65
36771402252,6e0c09c826ec7d527ba3f2ba08d812834debfccd,,2026-09-30T20:16:01Z,2026-09-28,36771401626,success,36771519005,success,success,4.58,0.95,1,0,1,0.0,0,0.9,0.51
36771483770,81f3eac11509a37b869358c41b55304d9470efc9,,2026-09-30T20:16:42Z,2026-09-28,36771483229,failure,36773255619,failure,failure,25.4,14.97,13,13,6,14.08,134.73,135.41,3.5
36771505348,e8316408725e7210d87cdc06ea4c2a3b3f033c69,,2026-09-30T20:16:53Z,2026-09-28,36771505113,success,36771600663,success,success,6.08,0.73,1,0,1,0.0,0,0.63,0.57
36772517144,d6344267a3f9998c3fd5c029879bd7fb5fbe99a4,,2026-09-30T20:25:25Z,2026-09-28,36772516773,success,36773091886,success,cancelled,5.03,4.87,1,1,1,4.02,4.02,4.69,0.05
36772943888,d6344267a3f9998c3fd5c029879bd7fb5fbe99a4,,2026-09-30T20:25:25Z,2026-09-28,36772516773,success,36773834794,success,success,12.75,7.53,1,1,1,5.0,5.0,5.77,1.97
36772751697,a403b47a9f684257d538d94349f34a71a6dffa33,,2026-09-30T20:27:26Z,2026-09-28,36772751354,failure,36776093894,success,cancelled,29.25,28.83,5,5,2,27.93,118.31,119.03,0.07
36775394847,3f1420d2c60ec04985157f08ba18be6bc78bbda9,,2026-09-30T20:50:10Z,2026-09-28,36775394492,success,36775495403,success,success,3.27,0.82,1,0,1,0.0,0,0.73,1.25
36775427000,464f0fa7dbf8589a6d4bbc408c80b1e65d26bea0,,2026-09-30T20:50:26Z,2026-09-28,36775426461,failure,36779546493,success,success,38.53,37.03,12,12,2,36.15,275.19,275.94,2.07
36775638672,c03d42701f94b78b12ab140886b9e5ad3dd2e4d8,,2026-09-30T20:52:18Z,2026-09-28,36775638235,success,36779591095,success,success,37.17,35.62,17,17,6,34.73,345.75,346.48,2.23
36776072797,40a4667bebb6e1535d62baa2a5d86608ea1c8c4e,,2026-09-30T20:56:07Z,2026-09-28,36776072421,success,36779216666,success,success,30.1,28.25,8,8,5,26.98,110.5,111.22,2.07
36777794029,f8b8349f83c008f41dfd1b15b2f7028427b687bd,,2026-09-30T21:11:25Z,2026-09-28,36777793500,cancelled,36778061257,success,cancelled,2.55,2.37,16,16,5,1.53,24.29,24.89,0.07
36777861608,db9e73ee016cc7ea5f2370edd13fd30241558793,,2026-09-30T21:12:02Z,2026-09-28,36777861474,cancelled,36778337039,success,cancelled,4.35,4.2,16,16,5,1.53,24.36,25.08,0.03
36778188100,ac90b030a30958c24d98b2b9c8b8b9ce7a1c77dc,,2026-09-30T21:14:59Z,2026-09-28,36778187591,failure,36782253847,success,success,40.02,38.2,16,16,5,35.48,305.87,306.64,2.46
36782268918,c78c3a36d97781dd84e26edae6fdd4a34d94fdf0,,2026-09-30T21:53:23Z,2026-09-28,36782268656,cancelled,36783793732,success,cancelled,15.1,14.95,9,9,4,14.08,113.43,114.12,0.05
36783642841,5992868767683626e30b2b547b3b98eb3afbcbd5,,2026-09-30T22:06:55Z,2026-09-28,36783642512,failure,36786437315,success,success,29.77,28.4,9,9,4,26.2,138.19,138.89,1.87
36784240872,544bd5366ca89c42ae6490b96343b67ec7386e35,,2026-09-30T22:12:50Z,2026-09-28,36784240665,success,36787674691,success,success,37.12,35.72,16,16,5,34.87,342.54,343.26,1.91
36787840571,544bd5366ca89c42ae6490b96343b67ec7386e35,,2026-09-30T22:12:50Z,2026-09-28,36784240665,success,36791054313,success,success,74.43,35.57,16,16,5,34.73,303.36,304.08,1.75
36802021110,6f154708aeb7fc873fe5949e8d04fdf717e94449,,2026-10-01T01:37:55Z,2026-09-28,36802020845,cancelled,36802179556,success,cancelled,2.17,2.02,40,40,21,1.18,42.48,43.11,0.03
36802116141,d09bd277afaafc9c9ed26fcebeddaf0f4b584518,,2026-10-01T01:39:09Z,2026-09-28,36802115933,cancelled,36802158460,success,cancelled,0.83,0.52,0,0,0,0.0,0,0,0.05
36802154521,e986a2579fd3b62cbb6e806b9d2a376d867ffb10,,2026-10-01T01:39:38Z,2026-09-28,36802154268,success,36804907951,success,success,36.62,35.03,40,40,21,33.8,531.0,531.78,1.34
36802296625,39aabcc8e1078a16493e6712ae04b65a13257b96,,2026-10-01T01:41:27Z,2026-09-28,36802296337,cancelled,36802884164,success,cancelled,7.63,7.5,33,33,15,5.9,109.14,109.87,0.05
36802828859,c75e636a37766bd077a0ea78e16b7138b774ca14,,2026-10-01T01:48:14Z,2026-09-28,36802828337,failure,36804642104,failure,failure,26.47,23.08,33,33,15,21.52,451.27,452.0,3.23
36805058105,c5e428b4dce157b40eb041ca30d73d04336c0511,,2026-10-01T02:16:33Z,2026-09-28,36805057814,cancelled,36805161563,success,cancelled,1.4,1.23,33,33,15,0.38,8.44,9.07,0.07
36805112372,b22c43b6195402477302da44acc40c115db2ab93,,2026-10-01T02:17:13Z,2026-09-28,36805112191,success,36807683828,success,success,34.35,32.78,33,33,15,31.3,508.41,509.22,2.08
36815614768,d87fed63240e7e9359306dac88e6765fc7e552df,,2026-10-01T04:32:42Z,2026-09-28,36815614638,cancelled,36816211483,success,cancelled,7.9,7.73,9,9,4,7.0,60.19,60.77,0.07
36816140341,3a88fb09a70847f8821f151f4a850d88625a3a7c,,2026-10-01T04:39:35Z,2026-09-28,36816139981,cancelled,36816234941,success,cancelled,1.72,1.15,1,0,1,0.0,0,0.22,0.07
36816208389,4c795559b5dc4a6be5eb50f3f9f2504d22707c33,,2026-10-01T04:40:26Z,2026-09-28,36816208061,failure,36817802305,success,success,26.05,20.68,9,9,4,19.57,149.54,150.23,1.66
36819479703,eaf510abdd2afd6ed9c3e91b28d0ad9a52a3939a,,2026-10-01T05:22:45Z,2026-09-28,36819479465,failure,36822167986,success,cancelled,33.47,33.32,16,16,5,32.48,323.12,323.78,0.07
36819846737,ac5b816edf9abd95821702b3b846a2931ff9f1fc,,2026-10-01T05:27:23Z,2026-09-28,36819846482,cancelled,36819877160,success,cancelled,0.52,0.35,1,0,1,0.0,0,0.23,0.07
36819852464,ac5b816edf9abd95821702b3b846a2931ff9f1fc,,2026-10-01T05:27:23Z,2026-09-28,36819846482,cancelled,36819923339,success,success,1.58,0.88,1,0,1,0.0,0,0.55,0.5
36822112799,0c05b20673c1b03504b410c2ce48cef5bb431e24,,2026-10-01T05:55:26Z,2026-09-28,36822112411,success,36825358639,success,success,42.27,37.45,16,16,5,35.33,319.87,320.5,4.91
36822790942,31ea4681f7a2ab984fa5fdddef899961d67884f1,,2026-10-01T06:03:26Z,2026-09-28,36822790710,success,36824506913,failure,failure,23.08,19.87,6,6,2,19.07,95.8,96.48,3.07
36823090101,251bea520f207f1abc21db74f7a19d479c7d03d3,,2026-10-01T06:07:00Z,2026-09-28,36823089685,success,36824717757,success,failure,20.03,18.72,6,6,2,17.88,88.14,88.86,1.74
36823612343,4e413b8500dbcf98a3d6350f6ef4c86c5f7a4096,,2026-10-01T06:13:09Z,2026-09-28,36823612122,success,36824221038,success,success,10.23,6.9,1,1,1,5.12,5.12,5.92,1.76
36824455296,4e413b8500dbcf98a3d6350f6ef4c86c5f7a4096,,2026-10-01T06:13:09Z,2026-09-28,36823612122,success,36824844207,success,success,15.15,4.42,1,1,1,3.55,3.55,4.25,1.68
36823632838,94aa8cc5d5d505aaea2581c28eb5bc0ddc49a0fd,,2026-10-01T06:13:23Z,2026-09-28,36823632573,cancelled,36824553442,failure,failure,23.87,10.47,40,40,21,9.05,202.22,202.92,3.08
36823684356,9cbe55858441c7acb88b91d92df881ad33c82a17,,2026-10-01T06:14:00Z,2026-09-28,36823683935,success,36825422957,success,success,24.27,19.6,2,2,1,17.85,33.08,33.8,4.52
36823737462,a5cd2d26a5f9384d639a9eea0d6cae8afdaf1506,,2026-10-01T06:14:37Z,2026-09-28,36823737148,success,36823904054,success,success,9.17,1.82,1,0,1,0.0,0,0.7,0.52
36825719007,9999a447b368ec465e930969a1975bf41d3bac86,,2026-10-01T06:36:58Z,2026-09-28,36825718755,success,36826135691,failure,failure,24.8,4.62,40,40,21,3.75,139.9,140.62,3.37
36828575290,c891b54f5a7f1d529590eab191cda04bd61671d9,,2026-10-01T07:08:00Z,2026-09-28,36828575086,cancelled,36830114808,failure,failure,24.72,16.18,40,40,21,15.3,418.36,419.12,3.38
36831963645,ec0ef91647a924f41252bab7ae7fc1af9efd20d1,,2026-10-01T07:43:17Z,2026-09-28,36831963418,cancelled,36832710468,success,cancelled,7.57,7.43,40,40,21,6.55,222.56,223.24,0.03
36832576648,408fba4613f6a348eeee5bba520f914a8aebaee6,,2026-10-01T07:49:25Z,2026-09-28,36832576329,success,36836311867,failure,success,38.13,37.02,40,40,21,34.83,526.86,527.63,0.98
36834262328,c92ecbb254ce4670d3fd6859349d2e5991628e43,,2026-10-01T08:06:13Z,2026-09-28,,,36834342734,success,success,1.42,0.77,1,0,1,0.0,0,0.72,0.57
36835551196,c92ecbb254ce4670d3fd6859349d2e5991628e43,,2026-10-01T08:19:11Z,2026-09-28,,,36835678514,success,success,1.9,1.25,1,0,1,0.0,0,0.6,0.58
36840652681,30266899a25970f820548c967c1a1e79b9f8b12a,,2026-10-01T09:07:12Z,2026-09-28,36840652151,cancelled,36840719586,success,success,5.0,0.58,1,0,1,0.0,0,0.51,0.46
36841156153,73410c6977b452ea50983cb73071c336f6683049,,2026-10-01T09:11:59Z,2026-09-28,36841155857,success,36841244701,success,success,4.9,0.78,1,0,1,0.0,0,0.7,0.58
36842947206,2a2207f0228c2dbda93cd92e8d41c07dd214e6fa,,2026-10-01T09:28:20Z,2026-09-28,36842946759,success,36843035059,success,success,2.92,0.78,1,0,1,0.0,0,0.72,0.57
36846700785,845df39664f4ab49a28a376167785893c3f25002,,2026-10-01T10:03:26Z,2026-09-28,36846700436,cancelled,36848068494,success,cancelled,12.9,12.7,33,33,15,11.58,301.55,302.3,0.05
36847856287,95ca9f3e22862f8119d3d3130786a000907006b6,,2026-10-01T10:14:15Z,2026-09-28,36847855979,cancelled,36848602827,success,cancelled,7.15,6.98,33,33,15,4.07,129.55,130.4,0.07
36848424274,cfb8b42d8b8329e2f7236bbe08b87e78852ae355,,2026-10-01T10:19:36Z,2026-09-28,36848423332,success,36852251603,success,success,38.63,37.0,33,33,15,34.38,459.74,460.57,2.13
36854513568,602f77a273655d7574ea8c99dae3d45683e53066,,2026-10-01T11:18:11Z,2026-09-28,36854513193,failure,36857703100,success,cancelled,30.68,30.53,12,12,2,29.12,257.3,257.93,0.03
36854532066,6f5a29c018de3fa11a30fd3fa744a214eeab8505,,2026-10-01T11:18:22Z,2026-09-28,36854531581,failure,36856784392,success,success,23.77,21.52,6,6,2,20.42,93.06,93.8,1.96
36857530518,72008ac87f526e2ce54169c1f7dd5b0eb01dc093,,2026-10-01T11:47:04Z,2026-09-28,36857529908,success,36861381219,success,success,37.3,35.92,12,12,2,33.45,282.11,282.83,2.03
36857598547,b522a9222e48ac1c96611bd0b1345804f0e77da3,,2026-10-01T11:47:46Z,2026-09-28,36857598317,success,36859719843,success,success,23.12,19.92,6,6,2,18.98,83.25,84.05,1.63
36860255825,b522a9222e48ac1c96611bd0b1345804f0e77da3,,2026-10-01T11:47:46Z,2026-09-28,36857598317,success,36862509436,success,success,46.75,20.28,6,6,2,19.38,91.16,91.91,1.91
36865488353,8d1b4d47bb01d0425fff0a3eefefd0e496179c4e,,2026-10-01T12:59:13Z,2026-09-28,36865488016,cancelled,36865791503,success,cancelled,2.62,2.47,15,15,7,1.53,22.79,23.48,0.05
36865637697,6033b9c339c4639c7caa92520445c5e1c97ed331,,2026-10-01T13:00:28Z,2026-09-28,36865637338,cancelled,36867207780,success,cancelled,14.18,13.67,15,15,7,11.57,147.07,147.75,0.05
36867130078,3d5bfbfeeb185e35d2a9704e57e155bcbd5a7b7f,,2026-10-01T13:13:32Z,2026-09-28,36867129359,cancelled,36867721985,success,cancelled,5.63,4.88,15,15,7,2.82,41.34,42.62,0.07
36867630908,cd7da0c017d0255f0a5582e7636c62589f8a3e9f,,2026-10-01T13:17:41Z,2026-09-28,36867630707,cancelled,36868792212,failure,failure,21.6,9.52,15,15,7,7.8,106.02,106.84,3.51
36868919630,c2f18be21d39ba663d1d766f7e8cd369df3d9459,,2026-10-01T13:28:18Z,2026-09-28,36868919179,success,36872549409,success,success,30.6,28.88,9,9,4,27.97,156.79,157.54,1.8
36870085483,79967aea4fccd45077fe78aeba3d756a0d8eeac1,,2026-10-01T13:37:46Z,2026-09-28,36870085021,cancelled,36871668294,failure,failure,17.38,12.45,15,15,7,11.57,151.36,152.06,3.56
36872130646,9d68f1831e7461c71a5ac5000cbaebc94b44549a,,2026-10-01T13:53:57Z,2026-09-28,36872130158,failure,36874916589,success,success,25.48,21.5,15,15,7,20.43,195.22,196.15,2.15
36875546340,019d83b3aa112df08e8a042bcdec96192d7353b8,,2026-10-01T14:20:20Z,2026-09-28,36875545919,success,36879367651,success,success,32.25,28.9,16,16,8,27.9,218.92,219.69,2.33
36879464517,019d83b3aa112df08e8a042bcdec96192d7353b8,,2026-10-01T14:20:20Z,2026-09-28,36875545919,success,36883513027,success,success,62.25,30.68,16,16,8,28.65,228.0,228.88,2.15
36875728392,10c38e6e046b8c4ccf9bcaca7b4317fd595778db,,2026-10-01T14:21:44Z,2026-09-28,36875727834,cancelled,36876472858,failure,failure,9.28,5.68,31,31,12,4.07,113.4,114.07,3.14
36876667583,d512799b75bbc63940270f402762b3c54ac9d307,,2026-10-01T14:28:58Z,2026-09-28,36876667061,failure,36877340356,failure,failure,20.43,5.0,31,31,12,4.07,123.49,124.26,3.35
36878989904,d938d1235dd9036615af6a21452bda7880d68cdd,,2026-10-01T14:46:30Z,2026-09-28,36878989358,success,36879096495,success,success,3.28,0.75,1,0,1,0.0,0,0.64,0.81
36879407607,9e7d62fdd9a7db8dc48ed4b311b50fbf575451c1,,2026-10-01T14:49:34Z,2026-09-28,36879406899,failure,36880242224,failure,failure,24.37,6.2,31,31,12,4.07,112.12,113.55,3.27
36883638850,1c67acb35358ad20b4801bbf27c6cf4456ec0f6f,,2026-10-01T15:21:42Z,2026-09-28,36883638632,cancelled,36885564033,failure,failure,19.6,14.62,31,31,12,11.57,303.11,305.81,3.15
36886135879,d309de9d5c668b90bdd25b36acc6cb79e351977e,,2026-10-01T15:40:40Z,2026-09-28,36886135163,cancelled,36886840282,success,cancelled,5.62,5.43,31,31,12,4.07,122.91,123.84,0.05
36886619237,598dab62539a71f2902e838efd2a0402aebe3f1e,,2026-10-01T15:44:28Z,2026-09-28,36886618131,cancelled,36886633429,success,cancelled,0.32,0.07,0,0,0,0.0,0,0,0.07
36886623547,598dab62539a71f2902e838efd2a0402aebe3f1e,,2026-10-01T15:44:28Z,2026-09-28,36886618131,cancelled,36888851348,failure,failure,20.67,17.12,31,31,12,14.08,340.05,340.94,3.24
36892094561,e98f61b4cc5271a9987a3aea08e1e728dabe7c7f,,2026-10-01T16:27:10Z,2026-09-28,36892094112,cancelled,36892474272,success,cancelled,3.15,2.97,2,2,2,1.55,3.07,4.29,0.07
36892270260,8cef0dbb1e7395af1b920bfac61eb7dc17dcde8b,,2026-10-01T16:28:33Z,2026-09-28,36892269665,cancelled,36893552517,success,cancelled,10.4,10.23,2,2,2,7.77,12.67,13.37,0.05
36893320563,4439bee52b74dd1f19795ca051acb62bdee9d555,,2026-10-01T16:36:56Z,2026-09-28,36893319921,success,36896294220,success,success,27.22,24.32,2,2,2,21.58,25.75,26.47,2.99
36895216378,6a8fd2995441cfc7d39b61abb8cb540db5f12d1b,,2026-10-01T16:52:21Z,2026-09-28,36895215854,failure,36896594212,failure,failure,16.77,11.33,13,13,6,10.32,115.69,116.54,4.97
36895736339,3c95b9c49593fb7b2be6a13665ac44da072b388a,,2026-10-01T16:56:41Z,2026-09-28,36895735940,failure,36897886510,success,success,19.2,17.5,14,14,3,16.58,138.57,139.32,4.55
36897674036,9c296f4082738ae1f5ead0a575b56b1bd7518b62,,2026-10-01T17:12:28Z,2026-09-28,36897673591,failure,36899371204,failure,failure,18.25,13.8,13,13,6,12.82,136.17,136.95,3.2
36898611336,c6d695004ea7af3e001c3647fb584ea26d2ab5b9,,2026-10-01T17:20:09Z,2026-09-28,36898611050,success,36900710906,success,success,23.05,16.98,16,16,5,16.07,171.41,172.14,2.18
36898678980,8dca1e7591e4e91719c473e02d28685d1d4b6d1b,,2026-10-01T17:20:42Z,2026-09-28,36898678697,success,36901198084,success,success,22.48,20.45,15,15,7,19.23,195.0,195.76,5.03
36900626500,e6e7916135c9f0301ddff02e0ec2f77840a60c60,,2026-10-01T17:36:28Z,2026-09-28,36900626057,cancelled,36902337379,failure,failure,22.12,13.77,13,13,6,12.83,133.08,133.82,3.4
36903256345,f2ae4ac2e384a5343614de83feb370076535eb99,,2026-10-01T17:57:36Z,2026-09-28,36903255789,failure,36904820781,success,success,25.38,12.55,13,13,6,11.65,95.53,96.27,2.75
36906205731,c1423bdc9d422f3fc5af032e6b51d4331119589e,,2026-10-01T18:21:21Z,2026-09-28,36906204869,cancelled,36907300368,failure,failure,18.3,8.77,31,31,12,7.8,199.67,200.47,3.15
36908396242,7b6d6f9866303a8da3f4ece57e809c64511ad3b7,,2026-10-01T18:38:59Z,2026-09-28,36908395115,success,36910619367,success,success,26.47,17.7,31,31,12,16.38,257.87,258.6,2.13
36908398227,18c41d98988dd1f6b06886e2805367de67708f5d,,2026-10-01T18:39:00Z,2026-09-28,36908397259,success,36909642779,success,success,11.6,9.88,2,2,2,8.77,12.1,12.87,1.46
36908437820,2f9446c859f11ca4c667ea28c688c7fc6bf66f2f,,2026-10-01T18:39:20Z,2026-09-28,36908437391,failure,36910473530,success,success,24.27,16.2,13,13,6,14.02,96.91,97.57,1.97
36910184376,3546f35be7de13f578749908f736649ec6980561,,2026-10-01T18:53:16Z,2026-09-28,36910183931,success,36911461025,success,success,11.58,10.13,2,2,2,8.5,11.42,12.27,1.21
36915352184,b7e88271e719a2f1ca765f76829b049a9f343464,,2026-10-01T19:35:03Z,2026-09-28,36915351395,cancelled,36915951348,success,cancelled,5.0,4.83,13,13,6,4.07,52.14,52.73,0.05
36915830054,fab912f1c0b2bd16836df105c334415e5cdbfcb2,,2026-10-01T19:38:56Z,2026-09-28,36915829758,success,36917746585,success,success,20.02,15.72,13,13,6,13.87,95.93,96.68,2.07
36917795043,3b0c4d9eeba6af0458d63dddb3c8e2ef15ad659d,,2026-10-01T19:55:05Z,2026-09-28,36917794684,failure,36918705187,success,success,8.98,7.57,2,2,2,6.53,9.13,10.07,1.16
36919454336,9caf313215b84071d5f7ae3da0f9c487f740926c,,2026-10-01T20:09:01Z,2026-09-28,36919453749,success,36920729206,success,success,14.95,10.42,2,2,2,7.1,10.22,13.45,0.89
36921751080,9ee21db20382d5346ae49a4f825486c97a26874b,,2026-10-01T20:27:53Z,2026-09-28,36921750507,cancelled,36922669021,success,cancelled,8.0,7.37,2,2,2,5.28,9.96,10.76,0.03
36922560088,9ee21db20382d5346ae49a4f825486c97a26874b,,2026-10-01T20:27:53Z,2026-09-28,36921750507,cancelled,36923766802,success,success,18.97,9.85,2,2,2,7.97,11.27,12.07,3.1
36927536557,4c39e43f0639492a8717d5ec1c893252ccc68d83,,2026-10-01T21:16:22Z,2026-09-28,36927536206,failure,36928740962,failure,failure,14.07,10.52,22,22,6,9.05,167.12,167.85,3.4
36964851063,baf33f91abb4153fed6cd25abfda52e9bcb80250,,2026-10-02T04:30:27Z,2026-09-28,36964850773,failure,36964923619,success,success,4.95,0.95,1,0,1,0.0,0,0.8,0.48
36967028784,58b991eff1d0aca508ab59bb811a07b63219b0bc,,2026-10-02T05:00:36Z,2026-09-28,36967028619,success,36967709696,success,success,11.0,9.22,1,1,1,8.33,8.33,9.1,1.69
36968893090,4fdf906bcd5f6a95848ac4970475029da7265a00,,2026-10-02T05:25:51Z,2026-09-28,36968892855,success,36969482243,success,success,10.92,7.77,1,1,1,6.97,6.97,7.67,1.77
37002031345,0576534306a5889eec074113daee903d8ae063ff,,2026-10-02T11:37:33Z,2026-09-28,37002030780,failure,37002922934,success,failure,11.1,9.6,2,2,2,8.6,11.83,12.61,1.97
37005254498,d1c97e9170165724c9a36ef41819244349117f91,,2026-10-02T12:11:48Z,2026-09-28,37005254190,cancelled,37006158516,success,cancelled,9.55,9.2,2,2,2,8.23,11.68,12.46,0.05
37006059883,5cef39ab693958e0b39e32e659405f9df1c36d36,,2026-10-02T12:20:05Z,2026-09-28,37006059597,cancelled,37006751135,success,cancelled,7.13,6.98,2,2,2,5.27,8.12,8.74,0.05
37006677044,6a9b079ce707c3d2a3f35a3023533728a92f381e,,2026-10-02T12:26:21Z,2026-09-28,37006676547,failure,37007567261,success,success,10.85,8.8,2,2,2,7.27,9.72,10.43,1.85
37008298492,4f3b43111deaf214cb32fb2af9b2cef2c27309f4,,2026-10-02T12:42:23Z,2026-09-28,37008298173,failure,37008990206,success,success,10.72,6.63,2,2,2,5.82,8.94,9.62,2.05
37011456825,4127bea2bbd33cb6202298e6f560613194bf2793,,2026-10-02T13:12:26Z,2026-09-28,37011456102,cancelled,37012343968,success,success,9.75,8.02,2,2,2,7.08,9.73,10.55,1.97
37012506399,f084e81d65870bea4f6a39902f44fe9ea2328129,,2026-10-02T13:22:01Z,2026-09-28,37012506272,failure,37013588417,success,success,11.22,9.75,2,2,2,8.83,11.71,12.48,1.96
37016437692,68b0c3adbfb0d32e96a8f1738d5e187492d473cd,,2026-10-02T13:56:53Z,2026-09-28,37016437047,failure,37017436488,success,success,11.18,8.47,1,1,1,7.4,7.4,8.19,2.05
37021352504,ffd05065064090d17036c03289a858a602620a89,,2026-10-02T14:39:07Z,2026-09-28,37021351117,failure,37022172559,success,success,12.1,6.87,1,1,1,5.92,5.92,6.72,1.88
37059582437,860365d35cfcaa9d09744207aec17336845b91c8,,2026-10-02T20:17:08Z,2026-09-28,37059582197,success,37060545791,success,success,10.9,8.9,2,2,2,8.0,10.48,11.25,1.87
37097154602,860365d35cfcaa9d09744207aec17336845b91c8,,2026-10-02T20:17:08Z,2026-09-28,37059582197,success,37097201078,success,success,502.98,0.85,1,0,1,0.0,0,0.68,2.1
37059587027,c531bd8926b1442b3322310c1fe1ad1c6b33a20b,,2026-10-02T20:17:10Z,2026-09-28,37059586590,success,37060313673,success,success,10.78,6.72,1,1,1,5.77,5.77,6.57,2.25
37063316444,7699312cba644b11e7dc87dca9af63d0353cd2ea,,2026-10-02T20:52:10Z,2026-09-28,37063316185,success,37064202109,success,success,11.8,8.47,1,1,1,7.65,7.65,8.37,1.93
37063316026,2f6dc7a9432cb564d6232d037f95f3b235a9d1e6,,2026-10-02T20:52:10Z,2026-09-28,37063315676,success,37064244534,success,success,10.13,8.83,1,1,1,8.0,8.0,8.7,1.85
37066885456,3ea5213ec9461b7d76dadf793b48428ac3a3a995,,2026-10-02T21:26:54Z,2026-09-28,37066885180,success,37067851603,success,success,11.25,9.65,2,2,2,8.72,11.45,12.21,2.13
37071815385,4e23f9c0adcbd72d5c33d0b3e2bb3ffa86f078b3,,2026-10-02T22:18:56Z,2026-09-28,37071815275,failure,37072380585,failure,failure,11.75,6.18,31,31,13,5.32,153.56,154.23,3.16
37072830292,eb4fde0a72e44cfb01ffc45704cd6093700875e1,,2026-10-02T22:30:14Z,2026-09-28,37072829915,success,37073698969,success,success,11.38,9.78,1,1,1,8.72,8.72,9.67,2.06
37081553200,31f86f55ca866eb821fce3d938463992fd063cbe,,2026-10-03T00:19:07Z,2026-09-28,37081552877,cancelled,37082277353,success,success,11.77,10.32,1,1,1,9.12,9.12,9.83,2.0
37081553143,31f86f55ca866eb821fce3d938463992fd063cbe,,2026-10-03T00:19:07Z,2026-09-28,37081552877,cancelled,37081579961,success,cancelled,0.62,0.37,1,0,1,0.0,0,0.27,0.05
37081554431,48e0ba3b503c4adb9ba5a50b3d93491ae90a8490,,2026-10-03T00:19:08Z,2026-09-28,37081554067,cancelled,37081585165,success,cancelled,0.6,0.42,1,0,1,0.0,0,0.32,0.05
37081554388,48e0ba3b503c4adb9ba5a50b3d93491ae90a8490,,2026-10-03T00:19:08Z,2026-09-28,37081554067,cancelled,37082173531,success,success,10.75,8.78,2,2,2,7.52,10.62,11.34,2.45
37081555043,f93f61f15069a5904339803d739d3454f3028d01,,2026-10-03T00:19:09Z,2026-09-28,37081554819,success,37082235708,success,success,10.97,9.65,1,1,1,8.7,8.7,9.42,1.9
37081554680,aea7454a7f2bc523e1de2f8010f8e1e26e33d4d6,,2026-10-03T00:19:09Z,2026-09-28,37081554695,success,37081579499,success,cancelled,10.72,0.33,1,0,1,0.0,0,0.25,0.07
37081554884,aea7454a7f2bc523e1de2f8010f8e1e26e33d4d6,,2026-10-03T00:19:09Z,2026-09-28,37081554695,success,37082186403,success,success,10.72,8.97,1,1,1,7.72,7.72,8.46,1.92
37084569222,e7228b821b90896df1c4e486c9584729a9c44e23,,2026-10-03T01:03:01Z,2026-09-28,37084569056,cancelled,37084600018,success,cancelled,0.62,0.4,1,0,1,0.0,0,0.32,0.08
37084569970,6d8ed48876a9364f921205fd3d42a1ecc9bace39,,2026-10-03T01:03:01Z,2026-09-28,37084569753,cancelled,37084620958,success,cancelled,0.88,0.72,1,0,1,0.0,0,0.29,0.07
37084569608,e7228b821b90896df1c4e486c9584729a9c44e23,,2026-10-03T01:03:01Z,2026-09-28,37084569056,cancelled,37085235911,success,success,11.4,10.0,1,1,1,8.75,8.75,9.38,1.92
37084570452,6847b200d2dea69748c5598c9160ce9d9c5f5c5c,,2026-10-03T01:03:01Z,2026-09-28,37084569946,cancelled,37084599101,success,cancelled,0.57,0.38,1,0,1,0.0,0,0.27,0.07
37084570150,6d8ed48876a9364f921205fd3d42a1ecc9bace39,,2026-10-03T01:03:01Z,2026-09-28,37084569753,cancelled,37085083490,success,success,9.12,7.62,2,2,2,6.08,9.23,9.93,1.98
37084570138,6847b200d2dea69748c5598c9160ce9d9c5f5c5c,,2026-10-03T01:03:01Z,2026-09-28,37084569946,cancelled,37085217632,success,success,11.03,9.72,1,1,1,8.5,8.5,9.22,1.8
37084570555,93317b256158e22013ea59e7cf3975e08cc33f06,,2026-10-03T01:03:02Z,2026-09-28,37084570300,success,37085194640,success,success,10.78,9.35,1,1,1,8.5,8.5,9.17,1.8
37086155726,4cc75e38f78b96ec0ac2a5dba33e455367f2bad1,,2026-10-03T01:27:22Z,2026-09-28,37086155500,success,37086608099,success,success,10.65,7.05,2,2,2,5.78,8.95,9.7,1.8
37086155571,4cc75e38f78b96ec0ac2a5dba33e455367f2bad1,,2026-10-03T01:27:22Z,2026-09-28,37086155500,success,37086179177,success,cancelled,10.65,0.35,1,0,1,0.0,0,0.23,0.05
37086155462,f269389d4b0850156e4ae4f9dffba6b471233fcb,,2026-10-03T01:27:22Z,2026-09-28,37086155820,success,37086179921,success,cancelled,11.48,0.37,1,0,1,0.0,0,0.25,0.08
37086155742,9b590c8d391acff40125adf5df718ae3d0babe6b,,2026-10-03T01:27:22Z,2026-09-28,37086155670,cancelled,37086180289,success,cancelled,0.62,0.38,1,0,1,0.0,0,0.27,0.07
37086155899,9b590c8d391acff40125adf5df718ae3d0babe6b,,2026-10-03T01:27:22Z,2026-09-28,37086155670,cancelled,37086746410,success,success,10.63,9.22,1,1,1,7.95,7.95,8.61,1.84
37086155993,f269389d4b0850156e4ae4f9dffba6b471233fcb,,2026-10-03T01:27:22Z,2026-09-28,37086155820,success,37086778658,success,success,11.48,9.7,1,1,1,8.48,8.48,9.23,1.88
37097173502,f269389d4b0850156e4ae4f9dffba6b471233fcb,,2026-10-03T01:27:22Z,2026-09-28,37086155820,success,37097239462,success,success,192.83,1.22,1,0,1,0.0,0,0.83,1.7
37097175832,4cc75e38f78b96ec0ac2a5dba33e455367f2bad1,,2026-10-03T01:27:22Z,2026-09-28,37086155500,success,37097220049,success,success,192.58,0.8,1,0,1,0.0,0,0.61,1.79
37097192569,9b590c8d391acff40125adf5df718ae3d0babe6b,,2026-10-03T01:27:22Z,2026-09-28,37086155670,cancelled,37097241429,success,success,193.02,0.88,1,0,1,0.0,0,0.73,1.76
37086157276,0ffed6acb4a5245e55d039db3b5fb91e855ca4e3,,2026-10-03T01:27:24Z,2026-09-28,37086157076,success,37086749843,success,success,11.17,9.23,1,1,1,8.4,8.4,9.12,1.88
37097163651,0ffed6acb4a5245e55d039db3b5fb91e855ca4e3,,2026-10-03T01:27:24Z,2026-09-28,37086157076,success,37097213757,success,success,192.67,0.92,1,0,1,0.0,0,0.7,2.15
37087872831,bbf5365b9afe6b6c1c466da855eb351200ec6969,,2026-10-03T01:54:36Z,2026-09-28,37087872703,success,37087927786,success,success,6.58,0.83,1,0,1,0.0,0,0.75,0.83
37097195373,bbf5365b9afe6b6c1c466da855eb351200ec6969,,2026-10-03T01:54:36Z,2026-09-28,37087872703,success,37097247232,success,success,165.35,0.93,1,0,1,0.0,0,0.75,0.77
37096140330,6f9b252eae5152f2d7fab43ef57c2a214d702e36,,2026-10-03T04:19:11Z,2026-09-28,37096140113,cancelled,37096585159,success,cancelled,8.1,7.95,31,31,13,7.07,191.43,192.15,0.05
37096547163,66414ab0180b49a7389fb91b1c5d335586298adb,,2026-10-03T04:26:28Z,2026-09-28,37096546986,failure,37097369591,failure,failure,18.22,14.83,31,31,13,13.13,247.38,248.28,3.25
37099035439,2eabdb15cba6a032860748c50e5cc4a0e712c44b,,2026-10-03T05:11:42Z,2026-09-28,37099035285,failure,37099470869,failure,failure,11.42,7.98,31,31,13,6.95,188.34,189.24,3.28
37099146112,8ead8bc743c9a063973d34520f5b058940a832b1,,2026-10-03T05:13:43Z,2026-09-28,37099146013,success,37099662345,success,success,11.92,9.67,1,1,1,8.52,8.52,9.23,0.93
37099987219,fa8368847ef25e6d65815171736809cd9713a04e,,2026-10-03T05:29:31Z,2026-09-28,37099987020,success,37100039113,success,success,4.08,0.9,1,0,1,0.0,0,0.79,0.52
37100340660,5c967d2d40373766a31003dc116518e920ab14c8,,2026-10-03T05:36:01Z,2026-09-28,37100340554,success,37100389060,success,success,4.67,0.85,1,0,1,0.0,0,0.79,0.47
37100715956,a54a59d79378acc2bf7c4a77751095754dfddbdb,,2026-10-03T05:43:00Z,2026-09-28,37100715731,success,37100755856,success,success,4.17,0.75,1,0,1,0.0,0,0.7,0.57
37100834662,0e7a91bd5bafd671c93ff92a96af9e7b8dc7a980,,2026-10-03T05:45:12Z,2026-09-28,37100834394,cancelled,37100855475,success,cancelled,0.5,0.37,1,0,1,0.0,0,0.27,0.05
37100835542,0e7a91bd5bafd671c93ff92a96af9e7b8dc7a980,,2026-10-03T05:45:12Z,2026-09-28,37100834394,cancelled,37101208341,success,success,8.23,6.85,1,1,1,5.78,5.78,6.41,1.19
37102594955,27945ea0cab600fb701bf67dd3d98aa1073f8964,,2026-10-03T06:18:03Z,2026-09-28,37102594860,cancelled,37102729229,success,cancelled,2.58,2.4,32,32,14,1.45,45.48,46.25,0.07
37102690681,d554d3c05d6ff237135d8cbd5cfcf66a20e47c64,,2026-10-03T06:19:49Z,2026-09-28,37102690522,success,37103522178,failure,failure,18.2,14.82,32,32,14,13.28,257.91,258.64,3.23
37103742630,0e8e6c91879f1c78195aa6a9e4c850ca1fe34544,,2026-10-03T06:38:47Z,2026-09-28,37103742503,success,37104531183,success,success,16.62,14.85,32,32,14,13.83,268.73,269.61,1.56
37105905106,e804e41383ba5c645f85b39c587eee56e6579643,,2026-10-03T07:18:18Z,2026-09-28,37105904896,cancelled,37106217654,success,cancelled,5.82,5.7,32,32,14,4.73,144.36,145.15,0.03
37106179882,017ae35e221423c07b21c67a5f532ac0238c3ab3,,2026-10-03T07:23:22Z,2026-09-28,37106179702,success,37106735874,failure,failure,13.3,10.02,32,32,14,8.47,219.98,220.78,3.15
37107176719,e9d3e2dfe74b9f17d9fe0d66828107657b04b14d,,2026-10-03T07:41:24Z,2026-09-28,37107176658,success,37108028281,success,success,17.03,15.18,32,32,14,14.25,264.55,265.37,1.65
37108535814,1e4d03af3e638b7aebbe5046902e013232ca079a,,2026-10-03T08:05:37Z,2026-09-28,37108535718,success,37108778826,failure,failure,8.82,4.4,2,2,2,3.52,6.77,7.53,3.0
37109336704,add3c93412053eaf6a0d0f2c46d1ecb594770db7,,2026-10-03T08:19:54Z,2026-09-28,37109336494,success,37109558292,success,success,5.07,3.92,1,1,1,3.17,3.17,3.8,0.94
37109370583,13fe8963456b5f6e4b4594187171dc7bf1d48a5d,,2026-10-03T08:20:29Z,2026-09-28,37109370488,success,37109612484,failure,failure,10.42,4.28,2,2,2,3.45,6.63,7.34,3.13
37110705324,6951d63d887039ae94f0429e784b6c106aea5818,,2026-10-03T08:44:27Z,2026-09-28,37110705080,success,37111250795,success,success,11.12,9.88,1,1,1,9.15,9.15,9.77,1.69
37110999658,56191a605630ea7641b342d3f12ded0bb2acba6f,,2026-10-03T08:49:48Z,2026-09-28,37111000011,success,37111073324,success,success,11.07,1.27,1,0,1,0.0,0,1.18,0.75
37111611298,ac73cffd6a70b4fbda39cb94a5df5cc6f5a5271d,,2026-10-03T09:00:50Z,2026-09-28,37111611077,success,37112155704,success,success,11.08,9.65,1,1,1,8.8,8.8,9.52,1.78
37114355259,2dbdd00423c2095a703fb4d890f86a4dec871ffe,,2026-10-03T09:49:45Z,2026-09-28,37114355121,failure,37114964920,success,success,12.28,10.97,7,7,2,9.23,54.26,55.04,1.12
37114630627,b1c0917f3b4e9ba0c5e075bc0f9bf5271437c0f4,,2026-10-03T09:54:41Z,2026-09-28,37114630372,success,37115202312,success,success,11.5,10.13,1,1,1,9.25,9.25,9.97,1.54
37115163459,c63841d2fa185d82f5af032894cb13659dfac5ae,,2026-10-03T10:04:09Z,2026-09-28,37115163270,cancelled,37115297900,success,cancelled,2.47,2.32,9,9,4,1.42,12.58,13.29,0.05
37115259876,c63841d2fa185d82f5af032894cb13659dfac5ae,,2026-10-03T10:04:09Z,2026-09-28,37115163270,cancelled,37115268446,success,cancelled,2.0,0.12,0,0,0,0.0,0,0,0.03
37115265414,eb181074cd05e32f7e563c7b7145b935c386e6f3,,2026-10-03T10:05:55Z,2026-09-28,37115265293,cancelled,37115867078,success,cancelled,10.65,10.45,10,10,5,8.97,68.17,68.96,0.07
37115473920,209405577a524f5b2dee03953ed52a5abd226d27,,2026-10-03T10:09:37Z,2026-09-28,37115473603,success,37115523290,success,success,4.85,0.78,1,0,1,0.0,0,0.7,0.86
37115616057,c6dfa078a0d6f83215c43d890427588b1e180b47,,2026-10-03T10:12:07Z,2026-09-28,37115615861,cancelled,37115667610,success,cancelled,1.02,0.87,1,0,1,0.0,0,0.8,0.05
37115658535,ec9771cc5a6974546a9c4ab492778df95bcc7aa2,,2026-10-03T10:12:49Z,2026-09-28,37115658351,success,37115716596,success,success,5.55,1.0,1,0,1,0.0,0,0.76,0.57
37115827055,3d215c19f0fe88e1a320947ad81671b665dc4a18,,2026-10-03T10:15:43Z,2026-09-28,37115826748,cancelled,37115838891,success,cancelled,0.32,0.15,0,0,0,0.0,0,0,0.05
37115835897,3d215c19f0fe88e1a320947ad81671b665dc4a18,,2026-10-03T10:15:43Z,2026-09-28,37115826748,cancelled,37116390129,success,success,11.48,9.88,9,9,4,8.52,59.04,59.82,1.25
37117074957,c83a3833723e444a4e0aba0b041a90d9bd30101d,,2026-10-03T10:38:20Z,2026-09-28,37117074809,success,37117120444,success,success,5.1,0.8,1,0,1,0.0,0,0.69,0.82
37120686186,2e21ddc364a2c9f798243776b94bef4cd1823588,,2026-10-03T11:45:41Z,2026-09-28,37120686128,cancelled,37120763208,success,cancelled,1.65,1.52,9,9,4,0.73,5.53,6.16,0.03
37120735861,c2fd8e036209783e48e472ef063cc9298b72f7b9,,2026-10-03T11:46:40Z,2026-09-28,37120735724,success,37120797165,success,success,5.55,1.2,1,0,1,0.0,0,0.62,0.46
37121140644,45df3a65cdb743237ed1487bf810513a5ee34488,,2026-10-03T11:54:25Z,2026-09-28,37121140463,success,37121688321,success,success,11.3,9.93,7,7,2,9.13,53.58,54.29,1.17
37121241512,346971a2e9b51261324f9ed2cfd586c4659e45a0,,2026-10-03T11:56:19Z,2026-09-28,37121241425,success,37121286946,success,success,4.87,0.85,1,0,1,0.0,0,0.79,0.54
37121545453,c044c6967d17d1bddcff73a378011771607938b4,,2026-10-03T12:01:46Z,2026-09-28,37121545350,cancelled,37121622361,success,success,2.25,1.38,1,0,1,0.0,0,0.68,0.83
37121629066,ee51c380765465318e4500f38074f29acf842f11,,2026-10-03T12:03:18Z,2026-09-28,37121628935,success,37121669662,success,success,5.1,0.73,1,0,1,0.0,0,0.67,0.5
37123030298,8ab82d59422115cda3a7be5f34fd87b3b9a1f899,,2026-10-03T12:29:18Z,2026-09-28,37123030179,success,37123561451,success,success,11.87,9.82,7,7,2,9.0,51.96,52.67,1.23
37123954478,37158b9d273d8ea44720462adfa23ab0b35dc06f,,2026-10-03T12:46:23Z,2026-09-28,37123954237,success,37123988994,success,success,5.5,0.62,1,0,1,0.0,0,0.53,0.47
37131638091,f2e94b6c7f2993e1216e8558e40bd7bd735bd0b6,,2026-10-03T14:59:47Z,2026-09-28,37131639349,success,37131665703,success,cancelled,10.92,0.33,1,0,1,0.0,0,0.26,0.08
37131638419,2082704254176fc3800b079ca229ecd63fbed0e9,,2026-10-03T14:59:47Z,2026-09-28,37131638286,cancelled,37131666522,success,cancelled,0.5,0.35,1,0,1,0.0,0,0.27,0.05
37131639017,5286ffa89b0892d7f18e6e1fc59d11ed481660e3,,2026-10-03T14:59:47Z,2026-09-28,37131638782,success,37132244696,success,success,11.05,9.68,2,2,2,8.83,12.01,12.7,1.87
37131640191,2082704254176fc3800b079ca229ecd63fbed0e9,,2026-10-03T14:59:47Z,2026-09-28,37131638286,cancelled,37132286478,success,success,11.48,10.35,1,1,1,9.15,9.15,9.86,1.62
37131639558,f2e94b6c7f2993e1216e8558e40bd7bd735bd0b6,,2026-10-03T14:59:48Z,2026-09-28,37131639349,success,37132289896,success,success,11.52,10.43,1,1,1,9.33,9.33,9.98,1.55
37135930018,4870d2ebdd39fcd481975bccfec70ab7aec829af,,2026-10-03T16:11:21Z,2026-09-28,37135929885,cancelled,37135957571,success,cancelled,0.57,0.42,1,0,1,0.0,0,0.32,0.05
37135930112,4870d2ebdd39fcd481975bccfec70ab7aec829af,,2026-10-03T16:11:21Z,2026-09-28,37135929885,cancelled,37136574390,success,success,11.62,10.5,1,1,1,8.63,8.63,9.38,1.59
37135930669,6b8aced71431f87f6e96e81bbea0a1eec8fe6b37,,2026-10-03T16:11:22Z,2026-09-28,37135930491,cancelled,37135957040,success,cancelled,0.55,0.4,1,0,1,0.0,0,0.29,0.05
37135930544,51ff928761842b705fd5d3deccdb5167a3b80539,,2026-10-03T16:11:22Z,2026-09-28,37135930339,failure,37136553215,success,success,11.28,10.17,2,2,2,9.23,12.41,13.14,1.7
37135931723,6b8aced71431f87f6e96e81bbea0a1eec8fe6b37,,2026-10-03T16:11:22Z,2026-09-28,37135930491,cancelled,37135989874,success,cancelled,1.07,0.9,1,0,1,0.0,0,0.38,0.05
37135968305,c22e762fdb6cb1d62f384a04abca836d83da3bc0,,2026-10-03T16:11:58Z,2026-09-28,37135968312,failure,37136613025,success,success,11.8,10.52,1,1,1,9.38,9.38,10.11,1.89
37138422298,f16438701f72a5194f11b22417e453882a20a887,,2026-10-03T16:51:57Z,2026-09-28,37138422111,cancelled,37138445776,success,cancelled,0.5,0.35,1,0,1,0.0,0,0.27,0.05
37138423264,f16438701f72a5194f11b22417e453882a20a887,,2026-10-03T16:51:57Z,2026-09-28,37138422111,cancelled,37138956691,success,success,9.9,8.82,1,1,1,7.65,7.65,8.37,1.59
37139494008,f16438701f72a5194f11b22417e453882a20a887,,2026-10-03T16:51:57Z,2026-09-28,37138422111,cancelled,37139544461,success,success,19.87,0.75,1,0,1,0.0,0,0.72,1.93
37138423056,73aff6bf91d49ad09c50a64a5244a7465d8a1f44,,2026-10-03T16:51:58Z,2026-09-28,37138423653,success,37138446020,success,cancelled,11.12,0.33,1,0,1,0.0,0,0.27,0.03
37138422951,3bace10eeb2e455f89928e6febf3f282721a007f,,2026-10-03T16:51:58Z,2026-09-28,37138422742,success,37138913959,success,success,10.93,8.23,2,2,2,7.35,10.55,11.29,1.58
37138423827,73aff6bf91d49ad09c50a64a5244a7465d8a1f44,,2026-10-03T16:51:58Z,2026-09-28,37138423653,success,37139069950,success,success,12.65,10.63,1,1,1,9.47,9.47,10.17,1.62
37139491495,3bace10eeb2e455f89928e6febf3f282721a007f,,2026-10-03T16:51:58Z,2026-09-28,37138422742,success,37139534580,success,success,19.7,0.67,1,0,1,0.0,0,0.56,1.74
37139492849,73aff6bf91d49ad09c50a64a5244a7465d8a1f44,,2026-10-03T16:51:58Z,2026-09-28,37138423653,success,37139576084,success,success,20.22,1.28,1,0,1,0.0,0,0.62,1.5
37146310792,23d14b438d1de7d02f1ab7f050932404fa3ff9b7,,2026-10-03T19:00:15Z,2026-09-28,37146310442,failure,37146999800,success,success,12.72,11.27,11,11,5,9.87,80.28,80.96,1.25
37155793464,17cbdb7148ad1d5bee30dedd32c8a17891367a50,,2026-10-03T21:38:10Z,2026-09-28,37155793139,cancelled,37156047852,failure,failure,8.83,4.28,2,2,2,3.48,6.71,7.34,3.08
37155976153,89f67ff950684369fe27b77c11ae525a474db5cd,,2026-10-03T21:41:16Z,2026-09-28,37155976019,success,37156690165,success,success,15.55,14.23,11,11,5,13.4,85.89,86.61,1.16
37156260606,b8d1a9dffa89712262967758a16730a0ee2f9bd7,,2026-10-03T21:46:41Z,2026-09-28,37156260543,success,37156630614,success,failure,12.38,7.78,2,2,2,5.98,9.5,11.14,1.62
37157491223,754002cfaf363f90239e620258dbb16027c8a945,,2026-10-03T22:09:45Z,2026-09-28,37157491093,success,37158061122,success,success,11.73,10.02,2,2,2,9.1,11.72,12.48,2.25
37158466414,6afa817284eb52a779093ca03da68a3ba7724602,,2026-10-03T22:26:45Z,2026-09-28,37158466235,success,37159310437,success,success,16.53,15.07,13,13,7,14.12,95.13,95.93,1.28
37163543653,43e76a4a5e405c6e499922962d4248022ee93298,,2026-10-04T00:00:16Z,2026-09-28,37163543269,failure,37164097999,success,success,10.93,9.78,3,3,2,8.93,20.37,21.12,0.95
37183549823,ffa2bdffbf5f4f22fba44360348d61252e70c6f3,,2026-10-04T06:41:43Z,2026-09-28,37183549741,success,37183590123,success,success,3.15,0.8,1,0,1,0.0,0,0.71,0.45
37183882591,6cbccc44b276865a1ad0dfca3d1e3f2aa6010fe3,,2026-10-04T06:48:29Z,2026-09-28,37183882461,cancelled,37184243505,success,cancelled,7.28,7.17,12,12,5,6.35,69.16,69.81,0.03
37184208383,c5ae17898cab4ea2551984a6dad85edd6b1a34b7,,2026-10-04T06:55:02Z,2026-09-28,37184208209,success,37184753949,failure,success,12.48,10.68,12,12,5,9.2,78.07,78.77,1.88
37184263559,6fb8a532365b63722122bbb75968e55b3e08ae80,,2026-10-04T06:56:06Z,2026-09-28,37184263368,success,37184298718,success,success,5.05,0.73,1,0,1,0.0,0,0.65,0.44
37185898304,2cbbfc141fb78f004ab78f2ff5e7f8c81c8382f1,,2026-10-04T07:28:43Z,2026-09-28,37185898121,success,37185935402,success,success,4.52,0.72,1,0,1,0.0,0,0.68,0.52
37186261573,b522c4778e02ce86af287ed236e3201e2c55da6f,,2026-10-04T07:35:40Z,2026-09-28,37186261360,success,37186623820,success,success,10.07,7.12,1,1,1,6.37,6.37,7.02,1.41
37186766810,d5460a473c075225afe60ea06520fabffcc2a7a0,,2026-10-04T07:45:37Z,2026-09-28,37186766647,success,37186798643,success,success,4.73,0.6,1,0,1,0.0,0,0.53,0.48
37186833294,7aa07cc5bca4b56febd8a296e6d168f140aba5ca,,2026-10-04T07:46:55Z,2026-09-28,37186833140,failure,37187604461,success,success,16.57,14.97,10,10,4,14.07,79.43,80.18,1.44
37187607454,83459adfa2f4d6c61ec8f6ac3e255a91de5b85d8,,2026-10-04T08:01:58Z,2026-09-28,37187607855,success,37187629782,success,cancelled,10.98,0.37,1,0,1,0.0,0,0.29,0.03
37187608065,83459adfa2f4d6c61ec8f6ac3e255a91de5b85d8,,2026-10-04T08:01:58Z,2026-09-28,37187607855,success,37187701340,success,success,10.98,1.7,1,0,1,0.0,0,0.68,0.55
37190560937,83459adfa2f4d6c61ec8f6ac3e255a91de5b85d8,,2026-10-04T08:01:58Z,2026-09-28,37187607855,success,37190601852,success,success,56.62,0.73,1,0,1,0.0,0,0.63,0.83
37188228310,c535d181de283bca64d133b29a7c02aedb5bda7d,,2026-10-04T08:13:34Z,2026-09-28,37188228187,success,37188293789,success,success,11.0,1.23,1,0,1,0.0,0,1.15,0.45
37188401794,eebc11ce8f81f236c465b82d630547e72277ec18,,2026-10-04T08:16:48Z,2026-09-28,37188401695,success,37189398153,success,success,19.82,18.27,10,10,4,17.37,93.31,94.07,1.35
37190214198,2774783faf5b8f4dceeae0ff0ff430980be01509,,2026-10-04T08:50:24Z,2026-09-28,37190214051,failure,37191022472,success,success,16.28,14.97,3,3,2,14.08,35.95,36.69,1.88
37192277645,4964559d1ae7a02fd6840d1e7a598ba457f6f6b3,,2026-10-04T09:28:43Z,2026-09-28,37192277424,success,37192846960,success,success,11.8,10.55,6,6,3,9.63,49.27,50.07,1.78
37192998023,4964559d1ae7a02fd6840d1e7a598ba457f6f6b3,,2026-10-04T09:28:43Z,2026-09-28,37192277424,success,37193042735,success,success,15.42,0.8,1,0,1,0.0,0,0.72,1.59
37192544210,0723e1357fd6018fed52afc03c70405ca175a374,,2026-10-04T09:33:31Z,2026-09-28,37192544026,success,37193339262,success,success,16.2,15.1,3,3,2,14.23,33.12,33.89,1.6
37194686276,e12cd2cd97b368b3611cf4af135b791afbfaeb19,,2026-10-04T10:13:45Z,2026-09-28,37194686101,success,37195483705,success,success,15.93,14.85,3,3,2,14.08,35.85,36.48,1.53
37194786056,d0fb729416584cfed7ab0c4a3ac9bcdef960ca28,,2026-10-04T10:15:34Z,2026-09-28,37194786061,failure,37195595954,success,success,16.73,15.08,16,16,6,14.17,112.48,113.27,2.59
37195184152,aef1ef7d106d18d66897952a03a1b825a2ef39eb,,2026-10-04T10:22:57Z,2026-09-28,37195183955,success,37196161987,success,success,19.48,18.18,10,10,4,16.9,88.03,88.85,1.1
37196849445,dafe66996e5aa1af1e3b807b820682521c26ab5e,,2026-10-04T10:53:35Z,2026-09-28,37196849141,cancelled,37196900555,success,cancelled,1.07,0.92,3,3,2,0.22,0.52,1.04,0.05
37196882354,dafe66996e5aa1af1e3b807b820682521c26ab5e,,2026-10-04T10:53:35Z,2026-09-28,37196849141,cancelled,37197928871,success,success,21.12,17.92,3,3,2,16.77,42.02,42.77,1.38
37197210947,0850b758d960d6b2ebf04c332fef0da357518919,,2026-10-04T11:00:02Z,2026-09-28,37197210701,success,37197797209,success,success,11.2,9.9,6,6,3,9.08,42.29,42.97,1.68
37197896828,bc97bf9b27450211b7b50e7cff2cd336acb73ea9,,2026-10-04T11:11:40Z,2026-09-28,37197896761,failure,37198739189,success,success,16.42,14.6,33,33,13,13.33,259.57,260.39,2.39
37198529500,970848c814f48476f58479af067eff9a4ff6ffa3,,2026-10-04T11:22:37Z,2026-09-28,37198529332,success,37198996323,failure,failure,11.82,8.23,3,3,1,7.32,21.67,22.41,3.41
37199756841,56876aa2abc4db5339c48de950fb6989c29aa52e,,2026-10-04T11:44:33Z,2026-09-28,37199756711,success,37200559161,success,success,16.08,14.72,16,16,6,13.78,114.2,114.98,1.9
37199894931,8223c013d8ba9b7dcc9850172044b1c203d3012e,,2026-10-04T11:47:02Z,2026-09-28,37199894752,cancelled,37199917037,success,cancelled,0.53,0.4,1,0,1,0.0,0,0.33,0.05
37199896536,8223c013d8ba9b7dcc9850172044b1c203d3012e,,2026-10-04T11:47:02Z,2026-09-28,37199894752,cancelled,37200840203,success,success,18.9,16.98,34,34,14,15.83,278.39,279.04,2.38
37201249893,3214f8519257bf498118ec2732c5c93f7b971075,,2026-10-04T12:11:25Z,2026-09-28,37201249676,failure,37201838983,success,success,11.57,9.98,12,12,5,9.1,87.39,88.16,1.72
37201279590,0acd16062343478458d65bfae8cee05e86bdb526,,2026-10-04T12:11:56Z,2026-09-28,37201279398,success,37201817383,success,success,10.63,9.43,3,3,1,8.65,20.62,21.28,1.62
37201571340,d5b95cb37ef1de387878def13ccb84110b0f4de6,,2026-10-04T12:17:05Z,2026-09-28,37201571180,success,37202652792,success,success,20.27,18.67,26,26,10,17.75,223.48,224.27,1.9
37202397201,84615c2eee538f93be671d55b6bdcbfa3adc1b92,,2026-10-04T12:31:21Z,2026-09-28,37202397068,success,37203010773,success,success,12.3,10.75,6,6,3,9.87,48.81,49.54,1.94
37203003653,6e4a5003a6cc713f0818f9c5e7d9e91e215a59cb,,2026-10-04T12:42:02Z,2026-09-28,37203003539,cancelled,37203280318,success,cancelled,4.78,4.63,5,5,2,3.8,18.96,19.61,0.05
37203242096,670f87cf1bd1b727f3a2964369bf2346c1d0063b,,2026-10-04T12:46:02Z,2026-09-28,37203241991,success,37203858812,success,success,12.12,10.55,5,5,2,9.05,43.16,43.93,2.16
37208164170,670f87cf1bd1b727f3a2964369bf2346c1d0063b,,2026-10-04T12:46:02Z,2026-09-28,37203241991,success,37208213402,success,success,84.97,0.78,1,0,1,0.0,0,0.75,2.13
37203636091,0788afd2f0ae9ba17f500914e50589e6af12a680,,2026-10-04T12:52:48Z,2026-09-28,37203635802,success,37203913254,failure,failure,8.93,4.77,40,40,20,3.83,142.52,143.36,3.5
37204116742,207efef1d0358645332105a486f8165b9f807590,,2026-10-04T13:01:01Z,2026-09-28,37204116614,success,37204689429,success,success,11.13,9.68,6,6,3,8.83,45.18,45.87,1.78
37205316354,58bf3ff11fcf35c97cf8305c83c6c07ed6c2f21b,,2026-10-04T13:21:12Z,2026-09-28,37205316223,success,37206254074,success,success,17.87,15.83,34,34,14,14.93,265.81,266.59,2.18
37207359103,29c8b7463fc0193226afbd780dd539aa92cb7de0,,2026-10-04T13:55:27Z,2026-09-28,37207358944,success,37207960027,success,success,11.83,9.68,11,11,4,8.72,81.55,82.37,2.26
37207537965,28b0dc1ff3f6eaaad15194b818568974ac588137,,2026-10-04T13:58:26Z,2026-09-28,37207537762,success,37208169604,success,success,11.52,10.25,12,12,5,9.33,89.12,89.88,1.76
37208399740,fc1dcb7de0088030ad754de801878b2994c24103,,2026-10-04T14:12:24Z,2026-09-28,37208399522,cancelled,37208523599,success,cancelled,2.25,2.0,20,20,9,1.33,26.19,26.69,0.07
37208491600,fc1dcb7de0088030ad754de801878b2994c24103,,2026-10-04T14:12:24Z,2026-09-28,37208399522,cancelled,37209385772,success,success,17.8,14.55,20,20,9,13.13,134.0,134.8,2.22
37209872825,77d75cca334ae3348bee527aa96c39b630687faa,,2026-10-04T14:36:22Z,2026-09-28,37209872517,success,37210395115,success,success,12.45,8.38,2,2,2,7.5,10.5,11.23,1.0
37210954426,f5ffd77d3cb52dea964b0a22bbe2cafde087b762,,2026-10-04T14:53:45Z,2026-09-28,37210954150,failure,37212084858,success,success,19.77,17.88,18,18,6,15.67,182.72,183.47,1.08
37211716581,fd2e07b88837f0e10266f349faca08721eb5e2d6,,2026-10-04T15:05:39Z,2026-09-28,37211716312,cancelled,37212109829,success,cancelled,7.13,6.4,5,5,2,5.23,26.07,26.63,0.05
37211919806,9fdfc733638bfd9144a4d83cc46e764b9a794391,,2026-10-04T15:09:01Z,2026-09-28,37211919574,cancelled,37212187885,success,cancelled,4.43,4.32,40,40,20,3.4,116.82,117.54,0.03
37212047393,07d33c823d40a60e7b5a6943bb7c14d195e4f3a6,,2026-10-04T15:11:04Z,2026-09-28,,,37212748121,success,success,12.65,11.35,5,5,2,9.27,37.79,38.52,1.6
37212135451,fee39fe5f68a4fc1b18f76d91c6e0854fdf5daf7,,2026-10-04T15:12:28Z,2026-09-28,37212135253,cancelled,37212519737,failure,failure,10.53,6.3,40,40,20,3.92,137.42,138.26,3.09
37212765359,31bbbce78cfb9004b13d5f95aa870154f8282c75,,2026-10-04T15:22:42Z,2026-09-28,37212765114,cancelled,37212898419,success,cancelled,2.18,2.05,40,40,20,1.13,43.59,44.34,0.03
37212852106,4cbf4da58990f49f3955bcedd289376c4b970302,,2026-10-04T15:24:03Z,2026-09-28,37212851854,success,37213781522,failure,failure,18.27,14.75,40,40,20,13.22,276.83,277.53,3.12
37212988697,dc54afe78ad7886bee47ba40e7490a3a9dbba91f,,2026-10-04T15:26:12Z,2026-09-28,37212988668,success,37213787627,success,success,14.4,12.7,5,5,2,9.48,42.77,43.51,1.66
37213024588,b51b2ab99b461cd79f2c8846558afb6c470f5319,,2026-10-04T15:26:45Z,2026-09-28,37213024327,success,37213721914,success,success,13.08,11.07,2,2,2,10.13,13.46,14.13,0.96
37213291390,f12ce5bce2b39f12009a983108a95fb59e2e93d7,,2026-10-04T15:30:55Z,2026-09-28,37213291082,cancelled,37213445751,success,cancelled,2.58,2.45,23,23,8,1.38,25.31,26.09,0.03
37213399297,6940e8b9ccecbf261e74a2098bb0a78b989829db,,2026-10-04T15:32:39Z,2026-09-28,37213399169,cancelled,37213858614,failure,failure,11.22,7.37,23,23,8,5.85,125.14,125.78,3.47
37213883324,67b8aaef4664bdc2842c6bfc104724536360e411,,2026-10-04T15:40:24Z,2026-09-28,37213883110,cancelled,37214371631,failure,failure,12.0,7.82,23,23,8,6.88,142.0,142.8,4.01
37213966919,a54841cd6b7e899842625af18a95323b4b2f12a9,,2026-10-04T15:41:44Z,2026-09-28,37213966713,success,37214652262,success,success,14.12,10.87,6,6,3,8.47,42.57,43.25,2.01
37215063109,a54841cd6b7e899842625af18a95323b4b2f12a9,,2026-10-04T15:41:44Z,2026-09-28,37213966713,success,37215109166,success,success,19.63,0.75,1,0,1,0.0,0,0.7,1.84
37214378832,231684f63001ddd57695f9119dbe73266697f296,,2026-10-04T15:48:22Z,2026-09-28,37214378529,failure,37215353121,success,cancelled,15.35,15.23,23,23,8,14.4,192.84,193.49,0.03
37214895361,a81a283e2235872b5c22e3ea75b992449f41c1bb,,2026-10-04T15:56:31Z,2026-09-28,37214895158,cancelled,37215401461,success,cancelled,8.17,7.85,13,13,6,6.95,80.44,81.16,0.07
37215190077,0311e6cdf73e360b587e31871153b3147461ae12,,2026-10-04T16:01:04Z,2026-09-28,37215189971,success,37215599343,success,success,11.62,6.3,1,1,1,5.45,5.45,6.22,1.62
37215312080,6ccf6617d07a9610c973284531e1788ace97b478,,2026-10-04T16:02:59Z,2026-09-28,37215311746,success,37216336269,success,success,18.15,16.37,23,23,8,14.42,192.35,193.12,2.32
37215360957,d6b9e5a497be789ddd35d85425e7e3ec55fb46c1,,2026-10-04T16:03:44Z,2026-09-28,37215360799,success,37216084068,success,success,13.15,11.52,13,13,6,9.28,86.99,87.76,2.18
37216406798,d6b9e5a497be789ddd35d85425e7e3ec55fb46c1,,2026-10-04T16:03:44Z,2026-09-28,37215360799,success,37216449233,success,success,19.07,0.65,1,0,1,0.0,0,0.55,2.02
37217331245,3c196da84809b6ce5731db011491d11ebc550895,,2026-10-04T16:35:30Z,2026-09-28,37217331064,success,37218029154,success,success,13.0,11.37,2,2,2,10.5,13.05,13.76,0.93
37219085087,35b9908459b785ad488b4764561fe32be8e86914,,2026-10-04T17:03:46Z,2026-09-28,37219084807,success,37220161524,success,success,20.7,17.07,40,40,20,16.25,301.38,302.1,1.77
37219938885,17d3bb95b7ac81114bbd3cb9a9efb7e071cbb395,,2026-10-04T17:17:23Z,2026-09-28,37219938654,success,37220975440,success,success,20.07,16.27,18,18,6,15.38,174.35,175.07,1.45
37221312457,ee9740cad6a330b59a32caa7f9323e5f6a5e8a6a,,2026-10-04T17:38:59Z,2026-09-28,37221312238,success,37222341410,success,success,18.5,16.13,21,21,10,15.27,149.11,149.83,1.9
37221625833,6057ba77cc22a34e5432e2114e22d2efd424823f,,2026-10-04T17:43:56Z,2026-09-28,37221625519,success,37222073546,success,success,12.92,7.13,1,1,1,6.33,6.33,6.98,1.51
37221881395,10bdc7993344bd2c5798ed760a5e235e85093de3,,2026-10-04T17:47:57Z,2026-09-28,37221881153,success,37222502231,success,success,13.6,9.7,11,11,4,8.83,82.65,83.33,2.07
37222462792,4b9e5e80da87b44dd4880b80b23a5d4a446fb2d3,,2026-10-04T17:57:04Z,2026-09-28,37222462565,success,37223621207,success,success,21.27,16.9,18,18,6,15.75,178.85,179.63,1.51
37222658358,d1a0d01e2f6e4083eaf09ff819a5668ba66f6a06,,2026-10-04T18:00:06Z,2026-09-28,37222658220,success,37223386772,success,success,13.23,10.43,12,12,5,9.15,80.67,81.39,2.17
37223549695,149a9ea0d353e8c923aedc028392e95a4739a153,,2026-10-04T18:12:54Z,2026-09-28,37223549597,success,37224632726,success,success,19.05,16.48,40,40,20,15.32,311.29,311.96,2.15
37223684164,7e00e7de8766366b9a7f3337e4a1ff329dc3636c,,2026-10-04T18:14:54Z,2026-09-28,37223683993,success,37224698958,success,success,18.92,15.5,12,12,5,9.05,82.4,83.24,1.95
37234966367,3481f11d53b36c018b7ccbdb7ea66993cc6a67d4,,2026-10-04T21:09:50Z,2026-09-28,37234966336,failure,37235978778,success,success,16.02,14.8,11,11,3,14.1,98.62,99.23,1.03
37236820019,e419994b5ccfa83d0891319406c958bc8d9a5afa,,2026-10-04T21:37:07Z,2026-09-28,37236819956,success,37237715699,success,success,14.78,13.6,11,11,3,12.87,86.48,87.08,1.0
37237872723,e419994b5ccfa83d0891319406c958bc8d9a5afa,,2026-10-04T21:37:07Z,2026-09-28,37236819956,success,37238861714,success,success,32.37,15.13,11,11,3,14.3,94.17,94.88,0.93
37242090726,f80bcca3369fc1ccb2e4028db043de873d7aaa74,,2026-10-04T22:59:40Z,2026-09-28,37242090566,failure,37243126117,success,success,17.55,16.22,23,23,8,15.38,194.27,194.92,1.77
37248904458,d242f8f84fe92aebef43589141d53d4706a0bfcb,,2026-10-05T00:48:00Z,2026-10-05,37248904213,success,37250012915,success,success,18.97,17.33,23,23,8,16.5,195.67,196.38,1.76
37251620855,aa2efe54297a9ca6642d2cb7d249f58cac01f208,5717,2026-10-05T01:29:24Z,2026-10-05,37251620694,cancelled,37252216181,success,cancelled,9.18,9.03,5,5,2,8.23,39.29,39.92,0.05
37252173479,d0731676f84ee9f9b0d07ba1ab415c65a3a284f5,5717,2026-10-05T01:37:51Z,2026-10-05,37252173262,failure,37253120077,success,success,15.65,14.4,5,5,2,13.08,46.58,47.18,1.68
37252306794,6f30104555da4eb40217a79b205f31954387d289,5718,2026-10-05T01:39:55Z,2026-10-05,37252306633,cancelled,37252927021,success,cancelled,9.43,9.32,13,13,6,8.48,89.71,90.37,0.03
37252884330,e2eb4e2185b0b99d0f796bea50157ed9ec4bdf21,5718,2026-10-05T01:48:34Z,2026-10-05,37252884022,success,37253574772,success,success,13.42,10.77,13,13,6,9.33,99.06,99.74,1.64
37254019485,e2eb4e2185b0b99d0f796bea50157ed9ec4bdf21,5718,2026-10-05T01:48:34Z,2026-10-05,37252884022,success,37254064387,success,success,19.23,0.62,1,0,1,0.0,0,0.54,1.62
37253883790,ab8935eafb0f6e09fef15a523c7d727d24f95014,5717,2026-10-05T02:03:58Z,2026-10-05,37253883692,success,37254839297,success,success,14.92,13.8,6,6,3,13.02,53.31,53.94,1.62
37255131838,ab8935eafb0f6e09fef15a523c7d727d24f95014,5717,2026-10-05T02:03:58Z,2026-10-05,37253883692,success,37255175202,success,success,20.07,0.63,1,0,1,0.0,0,0.55,1.5
37256216037,136c0a82bb7089982a27fd46ff44c343533d476e,,2026-10-05T02:38:50Z,2026-10-05,37256215895,success,37257338249,success,success,18.35,17.1,8,8,4,16.32,69.83,70.51,1.03
37257524806,136c0a82bb7089982a27fd46ff44c343533d476e,,2026-10-05T02:38:50Z,2026-10-05,37256215895,success,37258764436,success,success,38.68,17.33,8,8,4,16.48,73.74,74.45,1.14
37265952707,da42c80bda82dbb644813acbf81634a250124a61,5727,2026-10-05T05:01:12Z,2026-10-05,37265952588,cancelled,37266461399,success,cancelled,7.57,7.4,14,14,5,6.58,82.79,83.43,0.07
37266195611,e26621949041f5cfc8cf523d9e6c61ca472a68b3,,2026-10-05T05:04:50Z,2026-10-05,37266195286,success,37266243713,success,success,4.2,0.62,1,0,1,0.0,0,0.57,0.48
37266415383,a9cbbe535f70c3f92fe8f06258530230f313e88e,5727,2026-10-05T05:07:58Z,2026-10-05,37266415092,cancelled,37267177036,success,success,13.03,10.28,14,14,5,8.9,91.88,92.53,1.85
37267356783,4fea1d2c6867050409878023a7072cb6729699e0,5727,2026-10-05T05:20:39Z,2026-10-05,37267356490,failure,37268102174,success,success,13.67,9.88,14,14,5,9.1,102.78,103.41,2.17
37268594959,5835694270903d511d35522334214b3d2873e2db,5727,2026-10-05T05:37:15Z,2026-10-05,37268594585,success,37269302479,success,success,13.33,9.67,14,14,5,8.85,98.15,98.85,2.0
37269787955,5835694270903d511d35522334214b3d2873e2db,5727,2026-10-05T05:37:15Z,2026-10-05,37268594585,success,37269844212,success,success,18.7,0.73,1,0,1,0.0,0,0.63,2.02
37270725752,135420b8662dc4fab15fd327415f72899edf0f58,5727,2026-10-05T06:06:01Z,2026-10-05,37270725316,cancelled,37271472019,success,cancelled,9.17,9.02,14,14,5,8.12,94.25,94.99,0.03
37271417377,cf2794d3a5098c80def31d3780560a012bfcd029,5727,2026-10-05T06:14:25Z,2026-10-05,37271417156,success,37272312689,success,success,11.9,10.67,14,14,5,9.2,104.12,104.86,1.68
37271836890,a44b687c482d27de5c202c0af45c529d2d401475,,2026-10-05T06:19:26Z,2026-10-05,37271836792,success,37271886752,success,success,13.22,0.6,1,0,1,0.0,0,0.53,0.55
37272566435,cf84e126c731b4657a7ea75b7f3ad3d8efe1f813,5718,2026-10-05T06:28:07Z,2026-10-05,37272566244,success,37273411602,success,success,13.47,9.88,13,13,6,9.12,95.19,95.82,1.84
